"btn href","stretched-link","me-1","anw-hyphens"
"https://www.anwalt.de/ruhmann-peters-altmeyer","Ruhmann Peters Altmeyer","Liebigstraße 9, 35037 Marburg","Fachanwaltschaft Handelsrecht & Gesellschaftsrecht • Fachanwaltschaft Steuerrecht • Erbrecht • Familienrecht • Transportrecht & Speditionsrecht •  • Grundstücksrecht & Immobilienrecht • Kaufrecht • Unternehmensrecht & Betriebsnachfolge • Werkvertragsrecht • Allgemeines Vertragsrecht"
"https://www.anwalt.de/anwaltshaus-augsburg","ANWALTSHAUS Rechtsanwälte Gerle und Partner mbB","Volkhartstr. 7, 86152 Augsburg","Fachanwaltschaft Strafrecht • Fachanwaltschaft Medizinrecht • Fachanwaltschaft Mietrecht & Wohnungseigentumsrecht • Fachanwaltschaft Baurecht & Architektenrecht • Fachanwaltschaft Arbeitsrecht • Fachanwaltschaft Handelsrecht & Gesellschaftsrecht • Steuerrecht • Maklerrecht • Werkvertragsrecht • Öffentliches Baurecht • Grundstücksrecht & Immobilienrecht • Familienrecht • Zivilrecht • Bankrecht & Kapitalmarktrecht •  • Erbrecht • Sportrecht • Schadensersatzrecht & Schmerzensgeldrecht • Ordnungswidrigkeitenrecht • Opferhilfe • Allgemeines Vertragsrecht • Arzthaftungsrecht • Zwangsvollstreckungsrecht • Forderungseinzug & Inkassorecht • Verkehrsrecht • Unternehmensrecht & Betriebsnachfolge"
"https://www.anwalt.de/budlegal-ungarn","Budlegal Rechtsanwälte, Ungarn, Budapest","Budapest, Szirtes út, 6/B, 1016, Ungarn","Fachanwaltschaft Arbeitsrecht • Fachanwaltschaft Handelsrecht & Gesellschaftsrecht • Erbrecht • Baurecht & Architektenrecht • Grundstücksrecht & Immobilienrecht • Kaufrecht • Allgemeines Vertragsrecht • Unternehmensrecht & Betriebsnachfolge •"
"https://www.anwalt.de/buchalik-broemmekamp-rechtsanwaltsgesellschaft-mbh","Buchalik Brömmekamp Rechtsanwaltsgesellschaft mbH","Lietzenburger Straße 75, 10719 Berlin","Fachanwaltschaft Insolvenzrecht & Sanierungsrecht • Fachanwaltschaft Arbeitsrecht • Fachanwaltschaft Bankrecht & Kapitalmarktrecht • Fachanwaltschaft Sozialrecht • Zwangsvollstreckungsrecht • Handelsrecht & Gesellschaftsrecht • Zivilprozessrecht • Sozialversicherungsrecht • Schwerbehindertenrecht • Grundstücksrecht & Immobilienrecht • Kaufrecht •  • Zivilrecht"
"https://www.anwalt.de/menzundpartner","Menz & Partner Rechtsanwälte Steuerberater","Dietenheimer Straße 49, 89257 Illertissen","Fachanwaltschaft Erbrecht • Fachanwaltschaft Strafrecht • Fachanwaltschaft Familienrecht • Fachanwaltschaft Steuerrecht • Fachanwaltschaft Handelsrecht & Gesellschaftsrecht • Fachanwaltschaft Mietrecht & Wohnungseigentumsrecht • Fachanwaltschaft Baurecht & Architektenrecht • Fachanwaltschaft Arbeitsrecht • Zivilrecht • Grundstücksrecht & Immobilienrecht • Verwaltungsrecht • Allgemeines Vertragsrecht • Öffentliches Baurecht • Ordnungswidrigkeitenrecht •  • Werkvertragsrecht • Betreuungsrecht • Pferderecht • Datenschutzrecht • Unternehmensrecht & Betriebsnachfolge • Maklerrecht • Gewerblicher Rechtsschutz • Urheberrecht & Medienrecht • Kaufrecht • Schadensersatzrecht & Schmerzensgeldrecht • IT-Recht"
"https://www.anwalt.de/toelle-melchior","Kanzlei Tölle & Melchior","Moltkestraße 2, 32756 Detmold","Fachanwaltschaft Erbrecht • Fachanwaltschaft Familienrecht • Fachanwaltschaft Steuerrecht • Fachanwaltschaft Mietrecht & Wohnungseigentumsrecht • Fachanwaltschaft Verkehrsrecht • Allgemeines Vertragsrecht •  • Handelsrecht & Gesellschaftsrecht • IT-Recht • Sozialrecht • Verwaltungsrecht"
"https://www.anwalt.de/ssbp","Schöll Schwarz Breitenbach Rechtsanwälte PartGmbB","Ferdinand-Nebel-Straße 7, 56070 Koblenz","Fachanwaltschaft Baurecht & Architektenrecht • Fachanwaltschaft Bankrecht & Kapitalmarktrecht • Fachanwaltschaft Handelsrecht & Gesellschaftsrecht • Fachanwaltschaft Arbeitsrecht • Fachanwaltschaft Steuerrecht • Insolvenzrecht & Sanierungsrecht •  • Grundstücksrecht & Immobilienrecht • Allgemeines Vertragsrecht • Unternehmensrecht & Betriebsnachfolge"
"https://www.anwalt.de/herrmann-mey","Herrmann & Mey Rechtsanwälte","Obere Hauptstr. 52, 85354 Freising","Fachanwaltschaft Arbeitsrecht • Fachanwaltschaft Erbrecht • Fachanwaltschaft Familienrecht • Grundstücksrecht & Immobilienrecht •  • Vereinsrecht & Verbandsrecht • Versicherungsrecht • Mietrecht & Wohnungseigentumsrecht • IT-Recht • Markenrecht • Urheberrecht & Medienrecht • Zivilrecht • Wettbewerbsrecht • Verkehrsrecht"
"https://www.anwalt.de/hoeck-spiess-fach-lieb","HÖCK SPIESS FACH LIEB Rechtsanwälte und Notare","Schloßgasse 14, 64807 Dieburg","Fachanwaltschaft Familienrecht • Fachanwaltschaft Mietrecht & Wohnungseigentumsrecht • Fachanwaltschaft Arbeitsrecht • Fachanwaltschaft Erbrecht • Fachanwaltschaft Handelsrecht & Gesellschaftsrecht • Zivilrecht • Verkehrsrecht • Versicherungsrecht •  • Grundstücksrecht & Immobilienrecht"
"https://www.anwalt.de/rechstanwaelte-woehrle--schick-gbr","Rechstanwälte Wöhrle & Schick GbR","Philippstraße 6, 55543 Bad Kreuznach","Fachanwaltschaft Erbrecht • Fachanwaltschaft Bankrecht & Kapitalmarktrecht • Fachanwaltschaft Familienrecht • Fachanwaltschaft Verwaltungsrecht • Unternehmensrecht & Betriebsnachfolge • Mietrecht & Wohnungseigentumsrecht • Handelsrecht & Gesellschaftsrecht • Maklerrecht • Zivilrecht • Arbeitsrecht • Strafrecht • Verkehrsrecht • Kaufrecht • Sportrecht •  • Allgemeines Vertragsrecht"
"https://www.anwalt.de/von-allwoerden-rechtsanwaelte","VON ALLWÖRDEN Rechtsanwälte","Agnesstraße 45, 22301 Hamburg","Fachanwaltschaft Bankrecht & Kapitalmarktrecht • Fachanwaltschaft Handelsrecht & Gesellschaftsrecht • Fachanwaltschaft Arbeitsrecht • Fachanwaltschaft Urheberrecht & Medienrecht • Steuerrecht • Insolvenzrecht & Sanierungsrecht • IT-Recht •  • Markenrecht • Transportrecht & Speditionsrecht • Unternehmensrecht & Betriebsnachfolge • Allgemeines Vertragsrecht • Internationales Wirtschaftsrecht"
"https://www.anwalt.de/trentmann-rechtsanwaelte","TRENTMANN PartGmbB Rechtsanwälte","Obernstr. 39-43, 28195 Bremen","Fachanwaltschaft Arbeitsrecht • Fachanwaltschaft Handelsrecht & Gesellschaftsrecht • Fachanwaltschaft Verwaltungsrecht • Fachanwaltschaft Bankrecht & Kapitalmarktrecht • Erbrecht •  • Grundstücksrecht & Immobilienrecht • Datenschutzrecht • Schulrecht • Vereinsrecht & Verbandsrecht • Beamtenrecht • Öffentliches Recht • Allgemeines Vertragsrecht • Gewerblicher Rechtsschutz • Urheberrecht & Medienrecht • Markenrecht • Wettbewerbsrecht"
"https://www.anwalt.de/rose-und-partner","ROSE & PARTNER - Rechtsanwälte Steuerberater","Jägerstr. 59, 10117 Berlin","Fachanwaltschaft Steuerrecht • Fachanwaltschaft Handelsrecht & Gesellschaftsrecht • Fachanwaltschaft Medizinrecht • Fachanwaltschaft Erbrecht • Fachanwaltschaft Familienrecht • Fachanwaltschaft Gewerblicher Rechtsschutz • Fachanwaltschaft IT-Recht • Grundstücksrecht & Immobilienrecht • Datenschutzrecht • Mediation • Unternehmensrecht & Betriebsnachfolge •  • Zivilprozessrecht • Urheberrecht & Medienrecht • Schiedsgerichtsbarkeit • Internationales Wirtschaftsrecht • Maklerrecht • Sportrecht • Unterhaltsrecht • Internationales Recht • Arbeitsrecht • Wettbewerbsrecht • Markenrecht • Bankrecht & Kapitalmarktrecht"
"https://www.anwalt.de/greine-reddemann-partner","Rechtsanwälte Reddemann, Huthoff, Sämann und Partner","Herzogswall 34, 45657 Recklinghausen","Fachanwaltschaft Erbrecht • Fachanwaltschaft Arbeitsrecht • Fachanwaltschaft Handelsrecht & Gesellschaftsrecht • Fachanwaltschaft Verkehrsrecht • Fachanwaltschaft Versicherungsrecht • Fachanwaltschaft Familienrecht • Fachanwaltschaft Medizinrecht • Arzthaftungsrecht • Schadensersatzrecht & Schmerzensgeldrecht • Gewerblicher Rechtsschutz • Allgemeines Vertragsrecht • Mediation •  • Mietrecht & Wohnungseigentumsrecht • Strafrecht • Baurecht & Architektenrecht • Werkvertragsrecht • Zivilprozessrecht • Grundstücksrecht & Immobilienrecht"
"https://www.anwalt.de/mtr-legal-rechtsanwaelte","MTR Legal Rechtsanwälte","Upper West, Kurfürstendamm 11, 10719 Berlin","Handelsrecht & Gesellschaftsrecht •  • Bankrecht & Kapitalmarktrecht • Steuerrecht • Erbrecht • Familienrecht • Arbeitsrecht"
"https://www.anwalt.de/wieschemann-karmeinsky-wiebelt","Kanzlei Wieschemann – Karmeinsky – Wiebelt","Am Altenhof 8, 67655 Kaiserslautern","Fachanwaltschaft Arbeitsrecht • Fachanwaltschaft Mietrecht & Wohnungseigentumsrecht • Fachanwaltschaft Familienrecht • Erbrecht • Zivilrecht • Zivilprozessrecht • Allgemeines Vertragsrecht • Verwaltungsrecht • Grundstücksrecht & Immobilienrecht •  • Baurecht & Architektenrecht • Verkehrsrecht • Strafrecht • Handelsrecht & Gesellschaftsrecht • Versicherungsrecht • Ordnungswidrigkeitenrecht"
"https://www.anwalt.de/foerster-kraft","FÖRSTER KRAFT Rechtsanwaltsgesellschaft","Warnowufer 59, 18057 Rostock","Fachanwaltschaft Arbeitsrecht • Fachanwaltschaft Handelsrecht & Gesellschaftsrecht • Fachanwaltschaft Baurecht & Architektenrecht • Fachanwaltschaft Transportrecht & Speditionsrecht • Öffentliches Baurecht • Verkehrsrecht • Steuerrecht • Mietrecht & Wohnungseigentumsrecht •  • Gewerblicher Rechtsschutz • Vergaberecht • Allgemeines Vertragsrecht"
"https://www.anwalt.de/matthias-hoefer","Keller Höfer Leibold Bräutigam| Rechtsanwälte Partnerschaft","Höllgasse 24/26, 73614 Schorndorf","Fachanwaltschaft Mietrecht & Wohnungseigentumsrecht • Baurecht & Architektenrecht •  • Mediation • Grundstücksrecht & Immobilienrecht • Agrarrecht"
"https://www.anwalt.de/gebhardt-moritz-weil-collegen","G+M Rechtsberatung Dr. Gebhardt + Moritz, Weil + Collegen","Heinrichstraße 17/19, 36037 Fulda","Fachanwaltschaft Steuerrecht • Fachanwaltschaft Medizinrecht • Fachanwaltschaft Verwaltungsrecht • Zivilrecht • Strafrecht • Verkehrsrecht • Erbrecht • Arbeitsrecht • Mietrecht & Wohnungseigentumsrecht • Arzthaftungsrecht • Versicherungsrecht • Kaufrecht • Schadensersatzrecht & Schmerzensgeldrecht • Migrationsrecht • Schulrecht • Öffentliches Baurecht • Beamtenrecht • Öffentliches Recht • Ausländerrecht & Asylrecht • Unternehmensrecht & Betriebsnachfolge •  • Handelsrecht & Gesellschaftsrecht • Insolvenzrecht & Sanierungsrecht • Bankrecht & Kapitalmarktrecht"
"https://www.anwalt.de/strobel-rechtsanwaelte","Strobel Rechtsanwälte","August-Bebel-Strasse 72, 14482 Potsdam","Fachanwaltschaft Familienrecht • Fachanwaltschaft Arbeitsrecht • Fachanwaltschaft Erbrecht • Fachanwaltschaft Mietrecht & Wohnungseigentumsrecht • Fachanwaltschaft Steuerrecht • Verkehrsrecht • Strafrecht • Handelsrecht & Gesellschaftsrecht •  • Unterhaltsrecht • Unternehmensrecht & Betriebsnachfolge"
"https://www.anwalt.de/fricke-und-collegen","Rechtsanwälte Dr. Fricke & Collegen PartG mbB","Yorckstr. 10, 30161 Hannover","Fachanwaltschaft Arbeitsrecht • Fachanwaltschaft Baurecht & Architektenrecht • Fachanwaltschaft Verwaltungsrecht • Mietrecht & Wohnungseigentumsrecht • Beamtenrecht • Mediation • Maklerrecht • Öffentliches Baurecht • Umweltrecht • Erbrecht • Öffentliches Recht • Grundstücksrecht & Immobilienrecht •  • Handelsrecht & Gesellschaftsrecht"
"https://www.anwalt.de/kahl-koch-metz","Rechtsanwälte Dr. Kahl + Dr. Koch + Metz","Goethestr. 2, 61231 Bad Nauheim","Fachanwaltschaft Strafrecht • Verkehrsrecht • Erbrecht • Familienrecht • Zivilrecht •  • Schadensersatzrecht & Schmerzensgeldrecht • Opferhilfe"
"https://www.anwalt.de/dr-stoll-sauer-rechtsanwaltsgesellschaft-mbh","Dr. Stoll & Sauer Rechtsanwaltsgesellschaft mbH","Kronenstr. 24, 70173 Stuttgart","Fachanwaltschaft Verwaltungsrecht • Fachanwaltschaft Bankrecht & Kapitalmarktrecht • Fachanwaltschaft IT-Recht • Wettbewerbsrecht • Markenrecht •  • Mediation • Urheberrecht & Medienrecht • Insolvenzrecht & Sanierungsrecht • Datenschutzrecht • Schadensersatzrecht & Schmerzensgeldrecht • Handelsrecht & Gesellschaftsrecht • Versicherungsrecht • Steuerrecht • Allgemeines Vertragsrecht • Unternehmensrecht & Betriebsnachfolge • Zivilrecht"
"https://www.anwalt.de/klepzigknoeselferentschik-rechtsanwaelte","Klepzig.Knösel.Ferentschik Rechtsanwälte","Melanchthonstr. 98, 75015 Bretten","Fachanwaltschaft Arbeitsrecht • Fachanwaltschaft Familienrecht • Strafrecht • Ordnungswidrigkeitenrecht • Erbrecht •  • Verkehrsrecht • Mietrecht & Wohnungseigentumsrecht • Zivilrecht"
"https://www.anwalt.de/lamster-und-partner-rechtsanwaelte","Lamster & Partner Rechtsanwälte PartG mbB","Kaiser-Joseph-Str. 269, 79098 Freiburg im Breisgau","Fachanwaltschaft Arbeitsrecht • Fachanwaltschaft Versicherungsrecht • Fachanwaltschaft Mietrecht & Wohnungseigentumsrecht • Strafrecht • Verkehrsrecht • Wettbewerbsrecht • Allgemeines Vertragsrecht • Zivilrecht • Schadensersatzrecht & Schmerzensgeldrecht • Erbrecht • Urheberrecht & Medienrecht •"
"https://www.anwalt.de/delgmann-partner","Delgmann + Partner Rechtsanwälte – Fachanwälte","Kennedyplatz 8, 45127 Essen","Fachanwaltschaft Arbeitsrecht • Fachanwaltschaft Familienrecht • Fachanwaltschaft Strafrecht • Fachanwaltschaft Steuerrecht • Beamtenrecht • Verkehrsrecht • Erbrecht • Ausländerrecht & Asylrecht • IT-Recht • Mietrecht & Wohnungseigentumsrecht • Zivilrecht •  • Grundstücksrecht & Immobilienrecht • Schulrecht • Allgemeines Vertragsrecht"
"https://www.anwalt.de/mueller-seidel-vos-rechtsanwaelte","MÜLLER SEIDEL VOS - Rechtsanwälte Steuerberater","Breite Straße 147-151, 50667 Köln","Fachanwaltschaft Bankrecht & Kapitalmarktrecht • Insolvenzrecht & Sanierungsrecht • Versicherungsrecht •  • Zivilprozessrecht • Steuerrecht • Handelsrecht & Gesellschaftsrecht • Zivilrecht"
"https://www.anwalt.de/kanzlei-schaal-soeder","Kanzlei Schaal - Söder Rechtsanwälte Fachanwälte Mediatoren","Hochstr. 6, 87527 Sonthofen","Fachanwaltschaft Arbeitsrecht • Fachanwaltschaft Erbrecht • Fachanwaltschaft Familienrecht • Fachanwaltschaft Verkehrsrecht • Mietrecht & Wohnungseigentumsrecht • Ordnungswidrigkeitenrecht • Forderungseinzug & Inkassorecht • Mediation • Zivilrecht • Arzthaftungsrecht • Öffentliches Baurecht •"
"https://www.anwalt.de/kanzlei-blatt","Blatt & Kollegen Rechtsanwälte","Hauptbahnhofstraße 2, 97424 Schweinfurt","Fachanwaltschaft Strafrecht • Fachanwaltschaft Mietrecht & Wohnungseigentumsrecht • Fachanwaltschaft Familienrecht • Fachanwaltschaft Bankrecht & Kapitalmarktrecht • Arbeitsrecht • Schadensersatzrecht & Schmerzensgeldrecht • Urheberrecht & Medienrecht • Reiserecht • Kaufrecht • Recht rund ums Tier • Zivilrecht • Handelsrecht & Gesellschaftsrecht •  • Allgemeines Vertragsrecht • Verkehrsrecht • Pferderecht • Erbrecht • Ordnungswidrigkeitenrecht • Wettbewerbsrecht • Insolvenzrecht & Sanierungsrecht • Grundstücksrecht & Immobilienrecht • Versicherungsrecht • Baurecht & Architektenrecht"
"https://www.anwalt.de/bayh-fingerle-die-anwaelte","Rechtsanwälte BAYH & FINGERLE","Uhlichstraße 13, 09112 Chemnitz","Fachanwaltschaft Mietrecht & Wohnungseigentumsrecht • Fachanwaltschaft Arbeitsrecht • Fachanwaltschaft Strafrecht • Fachanwaltschaft Sozialrecht • Familienrecht • Erbrecht • Verkehrsrecht • Ordnungswidrigkeitenrecht • Internationales Recht • Maklerrecht • Kaufrecht • Forderungseinzug & Inkassorecht • Transportrecht & Speditionsrecht • Handelsrecht & Gesellschaftsrecht •  • Zivilprozessrecht • Allgemeines Vertragsrecht • Internationales Wirtschaftsrecht • Zivilrecht"
"https://www.anwalt.de/bauer-und-partner---rechtsanwaelte---wirtschaftspruefer---steuerberater","Bauer und Partner - Rechtsanwälte - Wirtschaftsprüfer - Steuerberater","Emmeramsplatz 6, 93047 Regensburg","Insolvenzrecht & Sanierungsrecht • Handelsrecht & Gesellschaftsrecht •  • Strafrecht • Steuerrecht"
"https://www.anwalt.de/oehlmann","Oehlmann Rechtsanwälte – Fachanwälte – Steuerberater","Heiligenstädter Str. 20, 37327 Leinefelde","Fachanwaltschaft Erbrecht • Fachanwaltschaft Steuerrecht • Fachanwaltschaft Handelsrecht & Gesellschaftsrecht • Insolvenzrecht & Sanierungsrecht • Grundstücksrecht & Immobilienrecht •  • IT-Recht • Wettbewerbsrecht • Arbeitsrecht • Pferderecht • Unternehmensrecht & Betriebsnachfolge • Werkvertragsrecht • Internationales Recht • Baurecht & Architektenrecht • Versicherungsrecht • Bankrecht & Kapitalmarktrecht • Strafrecht"
"https://www.anwalt.de/kanzlei-dssd","Kanzlei DSSD","Landauer Str. 66, 67433 Neustadt an der Weinstraße","Fachanwaltschaft Familienrecht • Fachanwaltschaft Verkehrsrecht • Fachanwaltschaft Arbeitsrecht • Fachanwaltschaft Verwaltungsrecht • Fachanwaltschaft Baurecht & Architektenrecht • Mietrecht & Wohnungseigentumsrecht •  • Beamtenrecht • Grundstücksrecht & Immobilienrecht • Zivilrecht • Allgemeines Vertragsrecht • Werkvertragsrecht • Wettbewerbsrecht • Ausländerrecht & Asylrecht • Erbrecht"
"https://www.anwalt.de/bruellmann","BRÜLLMANN Rechtsanwälte","Rotebühlplatz 1, 70178 Stuttgart","Schadensersatzrecht & Schmerzensgeldrecht • Arbeitsrecht • Bankrecht & Kapitalmarktrecht •  • Allgemeines Vertragsrecht • Erbrecht • Zivilrecht • Handelsrecht & Gesellschaftsrecht • Maklerrecht • Versicherungsrecht"
"https://www.anwalt.de/kuehlborn","Kühlborn Rechtsanwälte","Töpferplan 1, 06108 Halle (Saale)","Fachanwaltschaft IT-Recht • Fachanwaltschaft Arbeitsrecht • Fachanwaltschaft Verwaltungsrecht • Fachanwaltschaft Steuerrecht • Fachanwaltschaft Vergaberecht • Fachanwaltschaft Medizinrecht • Verkehrsrecht • Mietrecht & Wohnungseigentumsrecht • Strafrecht • Zivilrecht • Beamtenrecht • Datenschutzrecht • Öffentliches Baurecht •  • Unternehmensrecht & Betriebsnachfolge"
"https://www.anwalt.de/holzhauser-partner","H&P Prof. Dr. Holzhauser Rechtsanwaltsgesellschaft mbH","Loschwitzer Str. 50, 01309 Dresden","Fachanwaltschaft Arbeitsrecht • Fachanwaltschaft Medizinrecht • Reiserecht • Zwangsvollstreckungsrecht • Forderungseinzug & Inkassorecht • Zivilprozessrecht • Allgemeines Vertragsrecht • Handelsrecht & Gesellschaftsrecht •  • Arzthaftungsrecht • Sozialrecht • Baurecht & Architektenrecht • Markenrecht • Zivilrecht"
"https://www.anwalt.de/warm-kollegen","Warm & Kollegen Rechtsanwälte","Detmolder Str. 204, 33100 Paderborn","Fachanwaltschaft Steuerrecht • Fachanwaltschaft Arbeitsrecht • Schadensersatzrecht & Schmerzensgeldrecht • Erbrecht • Verkehrsrecht • IT-Recht • Zivilrecht • Reiserecht • Gewerblicher Rechtsschutz • Werkvertragsrecht • Grundstücksrecht & Immobilienrecht • Forderungseinzug & Inkassorecht • Kaufrecht • Maklerrecht • Mietrecht & Wohnungseigentumsrecht • Allgemeines Vertragsrecht • Unternehmensrecht & Betriebsnachfolge •  • Handelsrecht & Gesellschaftsrecht"
"https://www.anwalt.de/borgelt","BORGELT & PARTNER Rechtsanwälte mbB","Taubenstr. 22, 40479 Düsseldorf","Fachanwaltschaft Arbeitsrecht • Fachanwaltschaft Sozialrecht • Familienrecht • Zivilrecht •  • Unternehmensrecht & Betriebsnachfolge • Allgemeines Vertragsrecht • Kaufrecht • Sportrecht • Erbrecht • Versicherungsrecht • Wettbewerbsrecht • Urheberrecht & Medienrecht • Patentrecht • IT-Recht • Markenrecht • Designrecht • Strafrecht • Ordnungswidrigkeitenrecht • Verwaltungsrecht • Verkehrsrecht • Mietrecht & Wohnungseigentumsrecht"
"https://www.anwalt.de/marquardt-rechtsanwaelte","Marquardt Rechtsanwälte","Kurfürstendamm 183, 10707 Berlin","Fachanwaltschaft Gewerblicher Rechtsschutz • Fachanwaltschaft Urheberrecht & Medienrecht • Markenrecht • Wettbewerbsrecht • Designrecht • Arbeitsrecht • Handelsrecht & Gesellschaftsrecht • Allgemeines Vertragsrecht • Zivilrecht •  • Internationales Recht"
"https://www.anwalt.de/gssr-garben-schlueter-schuetzler-reiss","Rechtsanwälte Garben, Schlüter, Schützler & Reiss","Hohenzollernring 103, 50672 Köln","Fachanwaltschaft Arbeitsrecht • Fachanwaltschaft Mietrecht & Wohnungseigentumsrecht • Fachanwaltschaft Baurecht & Architektenrecht • Fachanwaltschaft Steuerrecht • Fachanwaltschaft Verwaltungsrecht • Schulrecht • Öffentliches Baurecht • Unternehmensrecht & Betriebsnachfolge • Handelsrecht & Gesellschaftsrecht • Maklerrecht •  • Öffentliches Recht • Schiedsgerichtsbarkeit • Beamtenrecht • Grundstücksrecht & Immobilienrecht"
"https://www.anwalt.de/dr-sieprath--partner-partnerschaft-mbb","Dr. Sieprath & Partner Partnerschaft mbB","Augustinusstraße 9a, 50226 Frechen","Grundstücksrecht & Immobilienrecht • Zivilrecht • Bankrecht & Kapitalmarktrecht • Strafrecht • Mietrecht & Wohnungseigentumsrecht • Handelsrecht & Gesellschaftsrecht • Insolvenzrecht & Sanierungsrecht •  • Zivilprozessrecht • Steuerrecht • Versicherungsrecht"
"https://www.anwalt.de/stein-rechtsanwaltsgesellschaft","Stein Rechtsanwälte Steuerberater","Stammstraße 82, 50823 Köln","Fachanwaltschaft Steuerrecht • Arbeitsrecht • Umweltrecht • Handelsrecht & Gesellschaftsrecht • Zivilrecht • Allgemeines Vertragsrecht •  • Grundstücksrecht & Immobilienrecht • Schadensersatzrecht & Schmerzensgeldrecht • Unternehmensrecht & Betriebsnachfolge • Zivilprozessrecht"
"https://www.anwalt.de/wunschanwalt","Rechtsanwälte WUNSCH . SCHÖNAUER . LEINFELDER  . DEHNE . LÜDERS und KOLLEGEN","Hallstr. 4, 86150 Augsburg","Fachanwaltschaft Strafrecht • Fachanwaltschaft Familienrecht • Fachanwaltschaft Insolvenzrecht & Sanierungsrecht • Fachanwaltschaft Mietrecht & Wohnungseigentumsrecht • Zivilrecht • Verkehrsrecht • Arbeitsrecht • Erbrecht • Urheberrecht & Medienrecht • Allgemeines Vertragsrecht •  • Opferhilfe"
"https://www.anwalt.de/zipper","Rechtsanwälte Zipper & Partner","Wildemannstr. 4, 68723 Schwetzingen","Fachanwaltschaft Strafrecht • Fachanwaltschaft Erbrecht • Fachanwaltschaft Familienrecht • Fachanwaltschaft Verkehrsrecht • Arbeitsrecht • Verwaltungsrecht • Zivilrecht • Baurecht & Architektenrecht • Öffentliches Baurecht • Versicherungsrecht • Allgemeines Vertragsrecht • Ordnungswidrigkeitenrecht • Schadensersatzrecht & Schmerzensgeldrecht • Medizinrecht • Gewerblicher Rechtsschutz •  • Steuerrecht"
"https://www.anwalt.de/ose-sturm-volz","OSE STURM VOLZ Rechtsanwaltsgesellschaft mbH","Max-Pechstein-Str 4, 67061 Ludwigshafen am Rhein","Fachanwaltschaft Baurecht & Architektenrecht • Fachanwaltschaft Bankrecht & Kapitalmarktrecht • Erbrecht • Vergaberecht • Grundstücksrecht & Immobilienrecht • Familienrecht • Verkehrsrecht • Arbeitsrecht • Zivilrecht • Handelsrecht & Gesellschaftsrecht •  • Internationales Wirtschaftsrecht"
"https://www.anwalt.de/ovh-rechtsanwaelte","BridgehouseLaw Germany","Volmerstraße 3, 12489 Berlin","Fachanwaltschaft Bankrecht & Kapitalmarktrecht • Fachanwaltschaft Handelsrecht & Gesellschaftsrecht • Fachanwaltschaft Internationales Wirtschaftsrecht • Ausländerrecht & Asylrecht • Internationales Recht • Steuerrecht • Unternehmensrecht & Betriebsnachfolge • Mietrecht & Wohnungseigentumsrecht •  • Allgemeines Vertragsrecht • Zivilrecht • Schadensersatzrecht & Schmerzensgeldrecht • Erbrecht • Familienrecht • Schiedsgerichtsbarkeit • Grundstücksrecht & Immobilienrecht"
"https://www.anwalt.de/dr-jofer-und-kollegen","CCI-LEGAL","Sophienstr. 1, 80333 München","Fachanwaltschaft Strafrecht • Arbeitsrecht • Ordnungswidrigkeitenrecht • Steuerrecht • Insolvenzrecht & Sanierungsrecht •  • Bankrecht & Kapitalmarktrecht"
"https://www.anwalt.de/esser-rechtsanwaelte","ESSER Rechtsanwälte","Edisonallee 27, 89231 Neu-Ulm","Fachanwaltschaft Arbeitsrecht • Handelsrecht & Gesellschaftsrecht • Insolvenzrecht & Sanierungsrecht • Unternehmensrecht & Betriebsnachfolge • Schwerbehindertenrecht • Allgemeines Vertragsrecht • Zivilrecht • Datenschutzrecht • Erbrecht •"
"https://www.anwalt.de/hauptmann-uhl","Kanzlei Hauptmann-Uhl & Kollegen","Ziegelstr. 43, 73033 Göppingen","Fachanwaltschaft Arbeitsrecht • Fachanwaltschaft Erbrecht • Fachanwaltschaft Familienrecht • Fachanwaltschaft Steuerrecht • Handelsrecht & Gesellschaftsrecht • Mietrecht & Wohnungseigentumsrecht •  • Urheberrecht & Medienrecht • Öffentliches Baurecht • Verwaltungsrecht • Öffentliches Recht"
"https://www.anwalt.de/kanzlei-dr-schoch-leister","Kanzlei Dr. Schoch & Leister","Bahnhofstraße 1 1, 69115 Heidelberg","Fachanwaltschaft Mietrecht & Wohnungseigentumsrecht • Fachanwaltschaft Arbeitsrecht • Fachanwaltschaft Verkehrsrecht • Fachanwaltschaft Familienrecht • Kaufrecht • Zivilrecht • Sportrecht • Versicherungsrecht • Erbrecht • Baurecht & Architektenrecht •  • Öffentliches Baurecht • Grundstücksrecht & Immobilienrecht • Allgemeines Vertragsrecht"
"https://www.anwalt.de/meyervetter","Dr. Stankewitz & Coll. Rechtsanwälte und Notare","Schillerstraße 10, 28195 Bremen","Fachanwaltschaft Familienrecht • Fachanwaltschaft Verkehrsrecht • Erbrecht • Zivilrecht •  • Strafrecht • Ordnungswidrigkeitenrecht • Arbeitsrecht • Allgemeines Vertragsrecht • Reiserecht"
"https://www.anwalt.de/dr-lommer-partner-rechtsanwaelte","Dr. Lommer & Partner Rechtsanwälte","Oberer Stadtplatz 10, 94469 Deggendorf","Erbrecht • Familienrecht • IT-Recht •  • Internationales Wirtschaftsrecht • Handelsrecht & Gesellschaftsrecht • Unternehmensrecht & Betriebsnachfolge • Internationales Recht • Zivilprozessrecht • Bankrecht & Kapitalmarktrecht"
"https://www.anwalt.de/riverside-rechtsanwaelte-mauritz-depken-vogelsang-scharninghausen-reichelt-p","Riverside Rechtsanwälte Mauritz Depken Vogelsang Scharninghausen Mäurer Bahnsen P","Neuer Wall 50, 20354 Hamburg","Fachanwaltschaft Arbeitsrecht • Fachanwaltschaft Handelsrecht & Gesellschaftsrecht • Fachanwaltschaft Verwaltungsrecht •  • Öffentliches Baurecht • Unternehmensrecht & Betriebsnachfolge • Umweltrecht • Grundstücksrecht & Immobilienrecht • Verfassungsrecht • Öffentliches Recht • Wettbewerbsrecht • Insolvenzrecht & Sanierungsrecht"
"https://www.anwalt.de/jhb-legal","JHB.LEGAL","Niebuhrstraße 71, 10629 Berlin","Fachanwaltschaft Strafrecht • Fachanwaltschaft Verkehrsrecht • Ordnungswidrigkeitenrecht •  • Internationales Recht • Steuerrecht • Schadensersatzrecht & Schmerzensgeldrecht • Arbeitsrecht"
"https://www.anwalt.de/kraft-rudolph","Dr. Kraft & Rudolph Rechtsanwälte PartGmbB","Eberzstrasse 1, 88316 Isny im Allgäu","Fachanwaltschaft Erbrecht • Fachanwaltschaft Verkehrsrecht • Fachanwaltschaft Familienrecht • Strafrecht • Mietrecht & Wohnungseigentumsrecht • Arbeitsrecht • Allgemeines Vertragsrecht • Reiserecht • Handelsrecht & Gesellschaftsrecht • Mediation •  • Steuerrecht"
"https://www.anwalt.de/rechtsanwalt-dr-traub","Rechtsanwalt Dr. Traub","Königstraße 35, 70173 Stuttgart","Fachanwaltschaft Steuerrecht • Fachanwaltschaft Insolvenzrecht & Sanierungsrecht • Fachanwaltschaft Handelsrecht & Gesellschaftsrecht • Fachanwaltschaft Insolvenzrecht • Strafrecht • Bankrecht & Kapitalmarktrecht • Forderungseinzug & Inkassorecht •  • Zwangsvollstreckungsrecht • IT-Recht • Internationales Recht • Unternehmensrecht & Betriebsnachfolge • Zivilrecht"
"https://www.anwalt.de/dr-schneider--partner-rechtsanwaltsgesellschaft-mbb","Dr. Schneider & Partner Rechtsanwaltsgesellschaft mbB","Alter Schlachthof 45, 76131 Karlsruhe","Fachanwaltschaft Sportrecht • Fachanwaltschaft Handelsrecht & Gesellschaftsrecht • Fachanwaltschaft Mietrecht & Wohnungseigentumsrecht • Fachanwaltschaft Verkehrsrecht • Fachanwaltschaft Arbeitsrecht • Zivilrecht • IT-Recht • Urheberrecht & Medienrecht • Grundstücksrecht & Immobilienrecht • Vereinsrecht & Verbandsrecht •  • Versicherungsrecht • Zivilprozessrecht • Zwangsvollstreckungsrecht • Schadensersatzrecht & Schmerzensgeldrecht • Maklerrecht • Mediation • Ordnungswidrigkeitenrecht"
"https://www.anwalt.de/loeber-steinmetz","Löber Steinmetz & García","Großer Hasenpfad 30, 60598 Frankfurt am Main","Erbrecht • Handelsrecht & Gesellschaftsrecht •  • Grundstücksrecht & Immobilienrecht • Internationales Wirtschaftsrecht"
"https://www.anwalt.de/dr-kukuk-und-partner-rechtsanwaelte","Dr. Kukuk und Partner Rechtsanwälte","Tiergartenstr. 11, 56410 Montabaur","Fachanwaltschaft Familienrecht • Fachanwaltschaft Arbeitsrecht • Fachanwaltschaft Erbrecht • Fachanwaltschaft Baurecht & Architektenrecht • Grundstücksrecht & Immobilienrecht •  • Bankrecht & Kapitalmarktrecht • Zivilrecht • IT-Recht • Urheberrecht & Medienrecht • Steuerrecht • Strafrecht • Handelsrecht & Gesellschaftsrecht • Ordnungswidrigkeitenrecht • Mietrecht & Wohnungseigentumsrecht"
"https://www.anwalt.de/lfr","LFR Laukemann Former Rösch RAe Partnerschaft mbB","Amiraplatz 3, 80333 München","Fachanwaltschaft Handelsrecht & Gesellschaftsrecht • Fachanwaltschaft Gewerblicher Rechtsschutz • Fachanwaltschaft Internationales Wirtschaftsrecht • Fachanwaltschaft Insolvenzrecht & Sanierungsrecht • Fachanwaltschaft Arbeitsrecht • Fachanwaltschaft Steuerrecht • Fachanwaltschaft IT-Recht • Strafrecht • Unternehmensrecht & Betriebsnachfolge • Grundstücksrecht & Immobilienrecht • Markenrecht • Werkvertragsrecht •  • Wettbewerbsrecht • Allgemeines Vertragsrecht • Erbrecht • Mediation • Mietrecht & Wohnungseigentumsrecht"
"https://www.anwalt.de/lss-partner","LSS - Rechtsanwälte","Splieterstraße 10, 48231 Warendorf","Fachanwaltschaft Bankrecht & Kapitalmarktrecht • Fachanwaltschaft Strafrecht • Arbeitsrecht • Mietrecht & Wohnungseigentumsrecht • Verkehrsrecht •  • Ordnungswidrigkeitenrecht • Steuerrecht"
"https://www.anwalt.de/mickel-und-partner","Dr. Mickel  D'Oro  Partner","Leopoldsweg 2, 61348 Bad Homburg vor der Höhe","Fachanwaltschaft Arbeitsrecht • Erbrecht •  • Handelsrecht & Gesellschaftsrecht • Baurecht & Architektenrecht • Mietrecht & Wohnungseigentumsrecht • Verkehrsrecht • Vereinsrecht & Verbandsrecht • Allgemeines Vertragsrecht • Urheberrecht & Medienrecht • Ordnungswidrigkeitenrecht • Mediation • Reiserecht • Kaufrecht • Werkvertragsrecht • Sportrecht • Wettbewerbsrecht"
"https://www.anwalt.de/ameri-janson-ondrasik-rechtsanwaelte-partg-mbb","Ameri Janson Ondrasik Rechtsanwälte PartG mbB","Ladehofstr. 26, 93049 Regensburg","Fachanwaltschaft Strafrecht • Arbeitsrecht • Verkehrsrecht • Schadensersatzrecht & Schmerzensgeldrecht • Werkvertragsrecht • Zivilrecht • Handelsrecht & Gesellschaftsrecht • Migrationsrecht • Ausländerrecht & Asylrecht • Verwaltungsrecht •"
"https://www.anwalt.de/acconsis-gmbh-rechtsanwaltsgesellschaft","ACCONSIS GmbH Rechtsanwaltsgesellschaft","Schloßschmidstraße 5, 80639 München","Fachanwaltschaft Steuerrecht • Fachanwaltschaft Erbrecht • Fachanwaltschaft Arbeitsrecht • Fachanwaltschaft Handelsrecht & Gesellschaftsrecht • Grundstücksrecht & Immobilienrecht • Allgemeines Vertragsrecht • Zivilrecht •  • Strafrecht • Unternehmensrecht & Betriebsnachfolge"
"https://www.anwalt.de/dr-spaeth--partner-rechtsanwaelte","Dr. Späth & Partner Rechtsanwälte","Kurfürstendamm 102, 10711 Berlin","Fachanwaltschaft Bankrecht & Kapitalmarktrecht •  • Gewerblicher Rechtsschutz • Grundstücksrecht & Immobilienrecht • Erbrecht • Handelsrecht & Gesellschaftsrecht • Steuerrecht • Mietrecht & Wohnungseigentumsrecht • Insolvenzrecht & Sanierungsrecht"
"https://www.anwalt.de/kgh","KGH Anwaltskanzlei","Fürther Str. 98-100, 90429 Nürnberg","Fachanwaltschaft Arbeitsrecht • Fachanwaltschaft Familienrecht • Fachanwaltschaft Baurecht & Architektenrecht • Fachanwaltschaft Handelsrecht & Gesellschaftsrecht • Fachanwaltschaft Mietrecht & Wohnungseigentumsrecht • Fachanwaltschaft Verkehrsrecht • Fachanwaltschaft Erbrecht • Fachanwaltschaft Gewerblicher Rechtsschutz • Strafrecht • Opferhilfe • Allgemeines Vertragsrecht • Vereinsrecht & Verbandsrecht •  • Bankrecht & Kapitalmarktrecht • Internationales Recht • Unterhaltsrecht • Unternehmensrecht & Betriebsnachfolge • Sportrecht • Reiserecht • Forderungseinzug & Inkassorecht • Markenrecht • IT-Recht • Grundstücksrecht & Immobilienrecht • Versicherungsrecht"
"https://www.anwalt.de/voss-partner-medizinrecht-rechtsanwaelte","VOSS.PARTNER MEDIZINRECHT Rechtsanwälte","Wilhelm-Schickard-Str. 11, 48149 Münster","Fachanwaltschaft Medizinrecht • Arzthaftungsrecht • Allgemeines Vertragsrecht • Mediation •  • Strafrecht • Arbeitsrecht • Unternehmensrecht & Betriebsnachfolge • Handelsrecht & Gesellschaftsrecht"
"https://www.anwalt.de/buse-herz-grunst","BUSE HERZ GRUNST Rechtsanwälte PartG mbB","Bahnhofstr. 17, 12555 Berlin","Fachanwaltschaft Gewerblicher Rechtsschutz • Fachanwaltschaft Urheberrecht & Medienrecht • Fachanwaltschaft IT-Recht • Fachanwaltschaft Strafrecht • Schulrecht • Verfassungsrecht • Ordnungswidrigkeitenrecht • Beamtenrecht • Öffentliches Recht • Verwaltungsrecht • Verkehrsrecht • Wettbewerbsrecht •  • Markenrecht • Opferhilfe • Designrecht • Allgemeines Vertragsrecht"
"https://www.anwalt.de/h-d-t--wirtschaftspruefer-steuerberater-rechtsanwaelte","H D T  Wirtschaftsprüfer Steuerberater Rechtsanwälte","Am Landgericht 2, 49074 Osnabrück","Fachanwaltschaft Familienrecht • Fachanwaltschaft Handelsrecht & Gesellschaftsrecht • Fachanwaltschaft Arbeitsrecht • Fachanwaltschaft Steuerrecht • Vereinsrecht & Verbandsrecht • Unternehmensrecht & Betriebsnachfolge • Mediation •  • Allgemeines Vertragsrecht"
"https://www.anwalt.de/krau-rechtsanwaelte","Krau Rechtsanwälte Fachanwalt Notar","Wetzlarer Straße 8a, 35644 Hohenahr","Fachanwaltschaft Arbeitsrecht • Fachanwaltschaft Erbrecht • Fachanwaltschaft Handelsrecht & Gesellschaftsrecht • Mietrecht & Wohnungseigentumsrecht • Baurecht & Architektenrecht • Grundstücksrecht & Immobilienrecht • Allgemeines Vertragsrecht • Zivilrecht • Mediation • Strafrecht • Verkehrsrecht • Familienrecht •"
"https://www.anwalt.de/hanses-kollegen","Dr. Hanses und Kollegen","Bremer Str. 76, 26789 Leer (Ostfriesland)","Fachanwaltschaft Verkehrsrecht • Fachanwaltschaft Arbeitsrecht • Fachanwaltschaft Erbrecht • Fachanwaltschaft Familienrecht • Fachanwaltschaft Strafrecht •  • Handelsrecht & Gesellschaftsrecht • Zivilrecht • Unterhaltsrecht • Mietrecht & Wohnungseigentumsrecht • Ordnungswidrigkeitenrecht • Allgemeines Vertragsrecht"
"https://www.anwalt.de/dr-zwanziger-collegen-gbr","DR. ZWANZIGER & COLLEGEN GbR","Humboldtstraße 14, 07545 Gera","Fachanwaltschaft Baurecht & Architektenrecht • Fachanwaltschaft Erbrecht • Fachanwaltschaft Familienrecht • Fachanwaltschaft Arbeitsrecht • Fachanwaltschaft Verkehrsrecht • Fachanwaltschaft Verwaltungsrecht • Steuerrecht • Handelsrecht & Gesellschaftsrecht • Versicherungsrecht •"
"https://www.anwalt.de/tietze-enders-und-partner-mbb-rechtsanwaelte-steuerberater","tes rechtsanwälte steuerberater - tietze enders & Partner mbB","Bleichstr. 64-66, 60313 Frankfurt am Main","Allgemeines Vertragsrecht • Familienrecht • Erbrecht • Zivilrecht • Arbeitsrecht • Bankrecht & Kapitalmarktrecht • Werkvertragsrecht • Handelsrecht & Gesellschaftsrecht •  • Forderungseinzug & Inkassorecht • Strafrecht • Grundstücksrecht & Immobilienrecht • IT-Recht • Maklerrecht • Versicherungsrecht • Zivilprozessrecht"
"https://www.anwalt.de/wigu","WIGU – Borufka, Heiling & Rößler","Alexandrinenstr. 18, 19055 Schwerin","Fachanwaltschaft Verwaltungsrecht • Fachanwaltschaft Verkehrsrecht • Arbeitsrecht • Strafrecht • Schadensersatzrecht & Schmerzensgeldrecht • Ordnungswidrigkeitenrecht • Baurecht & Architektenrecht • Öffentliches Recht • Grundstücksrecht & Immobilienrecht • Versicherungsrecht • Handelsrecht & Gesellschaftsrecht • Sozialrecht • Mietrecht & Wohnungseigentumsrecht • Vergaberecht • Unternehmensrecht & Betriebsnachfolge •  • IT-Recht"
"https://www.anwalt.de/dr-leibold-schmid","Dr. Leibold | Rechtsanwälte · Fachanwälte · Mediation","Ohmstraße 10/1, 72622 Nürtingen","Fachanwaltschaft Familienrecht • Fachanwaltschaft Verwaltungsrecht • Fachanwaltschaft Baurecht & Architektenrecht • Fachanwaltschaft Bankrecht & Kapitalmarktrecht • Fachanwaltschaft Arbeitsrecht • Beamtenrecht • Öffentliches Baurecht • Erbrecht • Insolvenzrecht & Sanierungsrecht • Kaufrecht •  • Werkvertragsrecht • Mediation • Verkehrsrecht"
"https://www.anwalt.de/salleck-partner","SALLECK + PARTNER","Zeppelinstr. 15, 91052 Erlangen","Fachanwaltschaft Handelsrecht & Gesellschaftsrecht • Fachanwaltschaft Verkehrsrecht • Fachanwaltschaft Strafrecht • Fachanwaltschaft Baurecht & Architektenrecht • Fachanwaltschaft Arbeitsrecht • Mietrecht & Wohnungseigentumsrecht • Maklerrecht • Reiserecht • Zivilrecht • Allgemeines Vertragsrecht • Schadensersatzrecht & Schmerzensgeldrecht • Internationales Wirtschaftsrecht • Grundstücksrecht & Immobilienrecht • Unternehmensrecht & Betriebsnachfolge •  • Ordnungswidrigkeitenrecht • Versicherungsrecht • Forderungseinzug & Inkassorecht"
"https://www.anwalt.de/moehrle-wandel-kniess-kneissl","Rechtsanwälte  Steuerberater Möhrle · Wandel · Knieß · Kneissl","Tränkestr. 11, 70597 Stuttgart","Fachanwaltschaft Steuerrecht • Fachanwaltschaft Arbeitsrecht • Fachanwaltschaft Erbrecht • Handelsrecht & Gesellschaftsrecht • Strafrecht •  • Mietrecht & Wohnungseigentumsrecht • Verkehrsrecht • Ordnungswidrigkeitenrecht"
"https://www.anwalt.de/gerlach-meyer-schwickerath-evers","Gerlach Meyer-Schwickerath Evers Rechtsanwälte und Notare","Bergstr. 10, 48143 Münster","Fachanwaltschaft Steuerrecht • Fachanwaltschaft Bankrecht & Kapitalmarktrecht • Fachanwaltschaft Handelsrecht & Gesellschaftsrecht • Erbrecht • Insolvenzrecht & Sanierungsrecht • Maklerrecht •  • Grundstücksrecht & Immobilienrecht • Allgemeines Vertragsrecht • Arbeitsrecht • Strafrecht • Versicherungsrecht • Medizinrecht • Unternehmensrecht & Betriebsnachfolge"
"https://www.anwalt.de/hauser-rechtsanwaelte-partgmbb","Hauser Rechtsanwälte PartGmbB","Repelener Straße 32, 47441 Moers","Fachanwaltschaft Arbeitsrecht • Fachanwaltschaft Familienrecht • Fachanwaltschaft IT-Recht • Kaufrecht • Reiserecht • Zivilrecht • Werkvertragsrecht • Verkehrsrecht • Mediation • Erbrecht • Allgemeines Vertragsrecht •  • Gewerblicher Rechtsschutz • Datenschutzrecht • Strafrecht"
"https://www.anwalt.de/rns-ruscher-noelke-rechtsanwaelte","Ruscher & Nölke Rechtsanwälte Steuerberater PartGmbB","Kaiser-Wilhelm-Ring 4-6, 48145 Münster","Fachanwaltschaft Steuerrecht • Fachanwaltschaft Bankrecht & Kapitalmarktrecht • Handelsrecht & Gesellschaftsrecht • Grundstücksrecht & Immobilienrecht • Erbrecht • Zivilrecht •  • Insolvenzrecht & Sanierungsrecht"
"https://www.anwalt.de/unsere-kanzlei","Rechtsanwälte Wagner + Gräf","Theaterstr. 1, 97070 Würzburg","Fachanwaltschaft Arbeitsrecht • Allgemeines Vertragsrecht •  • Zivilrecht • Zivilprozessrecht • Wettbewerbsrecht • Handelsrecht & Gesellschaftsrecht • Maklerrecht"
"https://www.anwalt.de/schulz-bruehl--von-alvensleben-rechtsanwaelte-partgmbb","Schulz, Brühl & von Alvensleben Rechtsanwälte PartGmbB","Königsbrücker Straße 61, 01099 Dresden","Fachanwaltschaft Arbeitsrecht • Fachanwaltschaft Bankrecht & Kapitalmarktrecht • Fachanwaltschaft Versicherungsrecht • Fachanwaltschaft Baurecht & Architektenrecht • Mietrecht & Wohnungseigentumsrecht • Handelsrecht & Gesellschaftsrecht • Grundstücksrecht & Immobilienrecht • Allgemeines Vertragsrecht • Unternehmensrecht & Betriebsnachfolge • Ordnungswidrigkeitenrecht • Schadensersatzrecht & Schmerzensgeldrecht • Insolvenzrecht & Sanierungsrecht • Strafrecht • Verkehrsrecht •  • Kaufrecht"
"https://www.anwalt.de/gtw-anwaelte","Gruska-Theus & Weber Rechtsanwälte","Thälmannstr. 32, 99974 Mühlhausen/Thüringen","Fachanwaltschaft Familienrecht • Fachanwaltschaft Baurecht & Architektenrecht • Fachanwaltschaft Medizinrecht • Fachanwaltschaft Arbeitsrecht • Mietrecht & Wohnungseigentumsrecht • Insolvenzrecht & Sanierungsrecht • Zivilrecht • Bankrecht & Kapitalmarktrecht • Öffentliches Recht •  • Vergaberecht • Erbrecht • Verkehrsrecht • Strafrecht • Versicherungsrecht • Ordnungswidrigkeitenrecht"
"https://www.anwalt.de/schumacher--partner","Schumacher & Partner","Mattentwiete 5, 20457 Hamburg","Fachanwaltschaft Arbeitsrecht • Fachanwaltschaft Insolvenzrecht • Fachanwaltschaft Strafrecht • Fachanwaltschaft Insolvenzrecht & Sanierungsrecht • Allgemeines Vertragsrecht • Zivilrecht • Forderungseinzug & Inkassorecht • Kaufrecht • Handelsrecht & Gesellschaftsrecht • Versicherungsrecht •  • Vereinsrecht & Verbandsrecht"
"https://www.anwalt.de/nann-rechtsanwaelte","NANN Rechtsanwälte","Königstrasse 36, 70173 Stuttgart","Arbeitsrecht • Handelsrecht & Gesellschaftsrecht • Maklerrecht •  • Unternehmensrecht & Betriebsnachfolge • Pferderecht • Allgemeines Vertragsrecht • Erbrecht • Familienrecht • Kaufrecht • Schadensersatzrecht & Schmerzensgeldrecht • Mietrecht & Wohnungseigentumsrecht"
"https://www.anwalt.de/kanzlei-wbk","Kanzlei WBK - Wahlster-Bode und Köppert PartG mbB Rechtsanwälte","Senefelderstraße 15, 86368 Gersthofen","Fachanwaltschaft Mietrecht & Wohnungseigentumsrecht • Arzthaftungsrecht • Medizinrecht • Zivilrecht • Recht rund ums Tier • Strafrecht • Schadensersatzrecht & Schmerzensgeldrecht • Allgemeines Vertragsrecht • Reiserecht • Arbeitsrecht • Erbrecht •  • Baurecht & Architektenrecht • Verkehrsrecht • Grundstücksrecht & Immobilienrecht • Unterhaltsrecht • Kaufrecht • Familienrecht"
"https://www.anwalt.de/ht-defensio-strafverteidiger","H/T Defensio Strafverteidiger","Anna-Vogeley-Straße 21, 21337 Lüneburg","Fachanwaltschaft Strafrecht • Steuerrecht •"
"https://www.anwalt.de/besold-rechtsanwaelte","Besold Rechtsanwälte","Penzendorfer Str. 20, 91126 Schwabach","Fachanwaltschaft Arbeitsrecht • Fachanwaltschaft Verkehrsrecht • Fachanwaltschaft Mietrecht & Wohnungseigentumsrecht • Fachanwaltschaft Baurecht & Architektenrecht • Fachanwaltschaft Sozialrecht • Zivilrecht • Versicherungsrecht • Grundstücksrecht & Immobilienrecht • Allgemeines Vertragsrecht • Familienrecht • Schwerbehindertenrecht • Sozialversicherungsrecht • Ordnungswidrigkeitenrecht • Schadensersatzrecht & Schmerzensgeldrecht •"
"https://www.anwalt.de/wittmann--kollegen-rechtsanwaelte-partg-mbb","Wittmann & Kollegen Rechtsanwälte PartG mbB","Mittlere Bachstraße 29, 94315 Straubing","Fachanwaltschaft Familienrecht • Fachanwaltschaft Verkehrsrecht • Zivilrecht • Reiserecht • Erbrecht • Strafrecht • Allgemeines Vertragsrecht • Ordnungswidrigkeitenrecht • Schadensersatzrecht & Schmerzensgeldrecht • Kaufrecht • Arbeitsrecht • Mietrecht & Wohnungseigentumsrecht • Forderungseinzug & Inkassorecht •  • Handelsrecht & Gesellschaftsrecht"
"https://www.anwalt.de/sbs-legal-rechtsanwaelte","SBS Legal Rechtsanwälte PartG","Hans-Henny-Jahnn-Weg 49, 22085 Hamburg","Fachanwaltschaft Gewerblicher Rechtsschutz • Fachanwaltschaft Urheberrecht & Medienrecht • Fachanwaltschaft IT-Recht • Insolvenzrecht & Sanierungsrecht • Wettbewerbsrecht • Arbeitsrecht • Datenschutzrecht • Strafrecht • Handelsrecht & Gesellschaftsrecht • Markenrecht • Mediation • Bankrecht & Kapitalmarktrecht •  • Unternehmensrecht & Betriebsnachfolge • Zivilrecht • Allgemeines Vertragsrecht • Werkvertragsrecht • Steuerrecht • Zivilprozessrecht"
"https://www.anwalt.de/lesser","LESSER Rechtsanwälte","Kaiserstraße 88, 76133 Karlsruhe","Fachanwaltschaft Arbeitsrecht • Fachanwaltschaft Verwaltungsrecht • Fachanwaltschaft Erbrecht • Fachanwaltschaft Verkehrsrecht • Familienrecht • Mietrecht & Wohnungseigentumsrecht • Handelsrecht & Gesellschaftsrecht • Bankrecht & Kapitalmarktrecht •  • Kaufrecht • Öffentliches Baurecht"
"https://www.anwalt.de/werner-rechtsanwaelte-informatiker","WERNER Rechtsanwälte Informatiker","Oppenheimstraße 16, 50668 Köln","Fachanwaltschaft Handelsrecht & Gesellschaftsrecht • Fachanwaltschaft IT-Recht • Datenschutzrecht • Unternehmensrecht & Betriebsnachfolge • Gewerblicher Rechtsschutz • Wettbewerbsrecht • Arbeitsrecht • Allgemeines Vertragsrecht • Zivilprozessrecht •  • Zivilrecht • Urheberrecht & Medienrecht"
"https://www.anwalt.de/bskp","BSKP Dr. Broll · Schmitt · Kaufmann & Partner","Hauptstr. 44, 01589 Riesa","Fachanwaltschaft Insolvenzrecht • Fachanwaltschaft Erbrecht • Fachanwaltschaft Familienrecht • Fachanwaltschaft Sozialrecht • Fachanwaltschaft Handelsrecht & Gesellschaftsrecht • Fachanwaltschaft Medizinrecht • Fachanwaltschaft Arbeitsrecht • Fachanwaltschaft Strafrecht • Fachanwaltschaft Baurecht & Architektenrecht • Fachanwaltschaft Verkehrsrecht • Fachanwaltschaft Versicherungsrecht • Unternehmensrecht & Betriebsnachfolge • Mietrecht & Wohnungseigentumsrecht • Insolvenzrecht & Sanierungsrecht • Reiserecht • Allgemeines Vertragsrecht • Zivilrecht • Arzthaftungsrecht •  • Kaufrecht • Mediation • Urheberrecht & Medienrecht • IT-Recht • Grundstücksrecht & Immobilienrecht • Schadensersatzrecht & Schmerzensgeldrecht • Werkvertragsrecht • Maklerrecht • Internationales Recht • Schwerbehindertenrecht • Ordnungswidrigkeitenrecht • Forderungseinzug & Inkassorecht"
"https://www.anwalt.de/stern-huebner-dries-wuerker","Rechtsanwälte Stern-Hübner-Dries-Würker Partnerschaft","Erlenstegenstraße 7, 90491 Nürnberg","Fachanwaltschaft Verkehrsrecht • Mietrecht & Wohnungseigentumsrecht • Zivilrecht • Transportrecht & Speditionsrecht • Ordnungswidrigkeitenrecht • Arbeitsrecht • Strafrecht • Wettbewerbsrecht • Handelsrecht & Gesellschaftsrecht •  • Forderungseinzug & Inkassorecht • Allgemeines Vertragsrecht"
"https://www.anwalt.de/dr-schloz--braun--kiefer--partner-mbb","Dr. Schloz · Braun · Kiefer & Partner mbB","Bertha-von-Suttner-Str. 7, 77654 Offenburg","Fachanwaltschaft Familienrecht • Fachanwaltschaft Arbeitsrecht • Fachanwaltschaft Insolvenzrecht & Sanierungsrecht • Verkehrsrecht • Strafrecht • Versicherungsrecht • Allgemeines Vertragsrecht •  • Handelsrecht & Gesellschaftsrecht • IT-Recht • Mediation • Mietrecht & Wohnungseigentumsrecht • Erbrecht"
"https://www.anwalt.de/dr-kulitz-nittmann-andree-fischer-rechtsanwaltskanzlei","Dr. Kulitz, Nittmann, Andree, Fischer Rechtsanwaltskanzlei","Einsteinstr. 55, 89077 Ulm","Fachanwaltschaft Erbrecht • Fachanwaltschaft Familienrecht • Fachanwaltschaft Mietrecht & Wohnungseigentumsrecht • Fachanwaltschaft Arbeitsrecht • Fachanwaltschaft Bankrecht & Kapitalmarktrecht • Fachanwaltschaft Handelsrecht & Gesellschaftsrecht • Zivilrecht •  • Unterhaltsrecht • Grundstücksrecht & Immobilienrecht"
"https://www.anwalt.de/steinbock-partner","Steinbock & Partner Rechtsanwaltskanzlei Fachanwälte - Steuerberater","Erfurter Straße 8, 99867 Gotha","Fachanwaltschaft Arbeitsrecht • Fachanwaltschaft Steuerrecht • Fachanwaltschaft Verkehrsrecht • Fachanwaltschaft Medizinrecht • Fachanwaltschaft Handelsrecht & Gesellschaftsrecht • Fachanwaltschaft Baurecht & Architektenrecht • Fachanwaltschaft Mietrecht & Wohnungseigentumsrecht • Strafrecht • Versicherungsrecht • Schadensersatzrecht & Schmerzensgeldrecht • Grundstücksrecht & Immobilienrecht • Allgemeines Vertragsrecht • Arzthaftungsrecht • Maklerrecht •  • Gewerblicher Rechtsschutz • Datenschutzrecht • Forderungseinzug & Inkassorecht • Erbrecht • Ordnungswidrigkeitenrecht • Zwangsvollstreckungsrecht"
"https://www.anwalt.de/nonnenmacher-rechtsanwaelte","Nonnenmacher Rechtsanwälte Partnerschaft mbB","Wendtstr. 17, 76185 Karlsruhe","Fachanwaltschaft Verkehrsrecht • Fachanwaltschaft Versicherungsrecht • Fachanwaltschaft Verwaltungsrecht • Fachanwaltschaft Baurecht & Architektenrecht • Fachanwaltschaft Erbrecht • Fachanwaltschaft Steuerrecht • Fachanwaltschaft Handelsrecht & Gesellschaftsrecht • Fachanwaltschaft Familienrecht • Fachanwaltschaft Arbeitsrecht • Fachanwaltschaft Bankrecht & Kapitalmarktrecht • Fachanwaltschaft Strafrecht • Fachanwaltschaft Sozialrecht • Fachanwaltschaft Medizinrecht • Fachanwaltschaft Insolvenzrecht & Sanierungsrecht • Ordnungswidrigkeitenrecht • Mietrecht & Wohnungseigentumsrecht • Öffentliches Baurecht • Werkvertragsrecht • Arzthaftungsrecht • Öffentliches Recht • Beamtenrecht • Opferhilfe • Kaufrecht • Schwerbehindertenrecht • Unterhaltsrecht • Schulrecht • Unternehmensrecht & Betriebsnachfolge • Verfassungsrecht • Sozialversicherungsrecht • Anwaltshaftung •  • Grundstücksrecht & Immobilienrecht • Zivilrecht • Maklerrecht • Zwangsvollstreckungsrecht • Zivilprozessrecht • Schadensersatzrecht & Schmerzensgeldrecht"
"https://www.anwalt.de/hartmann-dahlmanns","Hartmann Dahlmanns PartGmbB","Steinbecker Meile 1, 42103 Wuppertal","Fachanwaltschaft Arbeitsrecht • Fachanwaltschaft Handelsrecht & Gesellschaftsrecht • Fachanwaltschaft Baurecht & Architektenrecht • Fachanwaltschaft Verkehrsrecht • Fachanwaltschaft Familienrecht • Fachanwaltschaft Erbrecht • Allgemeines Vertragsrecht • Zivilrecht • Werkvertragsrecht • Grundstücksrecht & Immobilienrecht • Zwangsvollstreckungsrecht • Insolvenzrecht & Sanierungsrecht • Bankrecht & Kapitalmarktrecht • Gewerblicher Rechtsschutz • Markenrecht • Unternehmensrecht & Betriebsnachfolge • Schiedsgerichtsbarkeit • Vergaberecht • Mietrecht & Wohnungseigentumsrecht • Internationales Wirtschaftsrecht •  • Ordnungswidrigkeitenrecht • Kaufrecht"
"https://www.anwalt.de/hamm-und-partner","Hamm und Partner Rechtsanwälte mbB","Hoffstr. 8, 76133 Karlsruhe","Fachanwaltschaft Familienrecht • Fachanwaltschaft Arbeitsrecht • Erbrecht • Mediation • Unterhaltsrecht • Zivilrecht •"
"https://www.anwalt.de/andreas-mauritz-rechtsanwaelte","Andreas MAURITZ Rechtsanwälte","Poststraße 12 12, 73033 Göppingen","Fachanwaltschaft Arbeitsrecht • Fachanwaltschaft Sozialrecht • Baurecht & Architektenrecht • Zivilrecht • Mietrecht & Wohnungseigentumsrecht • Erbrecht • Familienrecht • Verkehrsrecht • Verwaltungsrecht • Bankrecht & Kapitalmarktrecht • Handelsrecht & Gesellschaftsrecht • Versicherungsrecht •"
"https://www.anwalt.de/bietmann-rechtsanwaelte-steuerberater-partmbb","Bietmann Rechtsanwälte Steuerberater PartmbB","Behrenstraße 42, 10117 Berlin","Fachanwaltschaft Arbeitsrecht • Fachanwaltschaft Urheberrecht & Medienrecht • Fachanwaltschaft Verkehrsrecht • Fachanwaltschaft Handelsrecht & Gesellschaftsrecht • Fachanwaltschaft Familienrecht • Schadensersatzrecht & Schmerzensgeldrecht •  • Wettbewerbsrecht • Ordnungswidrigkeitenrecht • IT-Recht • Unterhaltsrecht • Strafrecht • Grundstücksrecht & Immobilienrecht • Allgemeines Vertragsrecht • Sportrecht • Erbrecht • Zivilrecht • Baurecht & Architektenrecht"
"https://www.anwalt.de/kanzlei-war","Kanzlei WAR","Königstor 15, 34117 Kassel","Strafrecht • Arbeitsrecht • Opferhilfe • Ordnungswidrigkeitenrecht • Familienrecht • Mediation • Schadensersatzrecht & Schmerzensgeldrecht • Zivilrecht • Verkehrsrecht •"
"https://www.anwalt.de/biebinger-wirtschaftskanzlei","BIEBINGER - Wirtschaftskanzlei","Harrlachweg 1, 68163 Mannheim","Strafrecht •  • Steuerrecht • Insolvenzrecht & Sanierungsrecht • Handelsrecht & Gesellschaftsrecht • Allgemeines Vertragsrecht • Zwangsvollstreckungsrecht • Bankrecht & Kapitalmarktrecht"
"https://www.anwalt.de/eikel--partner-gbr","Eikel & Partner GbR","Friedrich-Ebert-Straße 107, 32760 Detmold","Arbeitsrecht • Patentrecht • Wettbewerbsrecht • Allgemeines Vertragsrecht • Gewerblicher Rechtsschutz • Designrecht • Urheberrecht & Medienrecht • Markenrecht • IT-Recht • Handelsrecht & Gesellschaftsrecht • Strafrecht • Verkehrsrecht •"
"https://www.anwalt.de/snp-schlawien","SNP Schlawien Partnerschaft mbB Rechtsanwälte Steuerberater","Türkenstr. 16, 80333 München","Fachanwaltschaft Bankrecht & Kapitalmarktrecht • Fachanwaltschaft Erbrecht • Fachanwaltschaft Handelsrecht & Gesellschaftsrecht • Fachanwaltschaft Mietrecht & Wohnungseigentumsrecht • Fachanwaltschaft Arbeitsrecht • Fachanwaltschaft IT-Recht • Fachanwaltschaft Gewerblicher Rechtsschutz • Steuerrecht •  • Zivilprozessrecht • Insolvenzrecht & Sanierungsrecht • Unternehmensrecht & Betriebsnachfolge • Datenschutzrecht • Markenrecht • Wettbewerbsrecht • Internationales Wirtschaftsrecht • Baurecht & Architektenrecht • Grundstücksrecht & Immobilienrecht"
"https://www.anwalt.de/witt-rechtsanwaelte","Witt Rechtsanwälte PartGmbB","Berliner Str. 119-125, 16515 Oranienburg","Fachanwaltschaft Bankrecht & Kapitalmarktrecht •  • Grundstücksrecht & Immobilienrecht • Versicherungsrecht • Handelsrecht & Gesellschaftsrecht • Wettbewerbsrecht • Gewerblicher Rechtsschutz • Anwaltshaftung"
"https://www.anwalt.de/nzp-nagy-legal","NZP NAGY LEGAL","Theresienstr. 9, 90403 Nürnberg","Fachanwaltschaft Handelsrecht & Gesellschaftsrecht • Fachanwaltschaft Internationales Wirtschaftsrecht •  • Zivilrecht • Schiedsgerichtsbarkeit • Internationales Recht • Insolvenzrecht & Sanierungsrecht • Grundstücksrecht & Immobilienrecht • Allgemeines Vertragsrecht • Unternehmensrecht & Betriebsnachfolge • Maklerrecht"
"https://www.anwalt.de/euregio-law--tax","Euregio Law & Tax Hasselt BV","Genkersteenweg 429, 3500 Hasselt, Belgien","Fachanwaltschaft Arbeitsrecht • Fachanwaltschaft Internationales Wirtschaftsrecht • Fachanwaltschaft Steuerrecht • Handelsrecht & Gesellschaftsrecht • Internationales Recht •  • Pferderecht • Gewerblicher Rechtsschutz • Forderungseinzug & Inkassorecht • Zwangsvollstreckungsrecht • Allgemeines Vertragsrecht"
"https://www.anwalt.de/lieb-rechtsanwaelte","LIEB.Rechtsanwälte","Äußere Brucker Str. 51, 91052 Erlangen","Fachanwaltschaft Gewerblicher Rechtsschutz • Fachanwaltschaft Arbeitsrecht • Fachanwaltschaft Strafrecht • Fachanwaltschaft Steuerrecht • Fachanwaltschaft Handelsrecht & Gesellschaftsrecht • Wettbewerbsrecht • Markenrecht • Allgemeines Vertragsrecht •  • Designrecht • Patentrecht • Datenschutzrecht • Internationales Wirtschaftsrecht • Urheberrecht & Medienrecht"
"https://www.anwalt.de/von-buttlar-rechtsanwaelte-partnerschaft-mbb","von Buttlar Rechtsanwälte Partnerschaft mbB","Löffelstraße 4, 70597 Stuttgart","Fachanwaltschaft Bankrecht & Kapitalmarktrecht • Agrarrecht • Erbrecht • Kaufrecht • Zivilprozessrecht • Zivilrecht • Allgemeines Vertragsrecht • Jagdrecht • Betreuungsrecht • Verwaltungsrecht • Versicherungsrecht • Schadensersatzrecht & Schmerzensgeldrecht •  • Grundstücksrecht & Immobilienrecht"
"https://www.anwalt.de/budin","BUDIN.rechtsanwälte GbR Rechtsanwälte Fachanwälte Notare","Kaiserstr. 17a, 44135 Dortmund","Fachanwaltschaft Verkehrsrecht • Fachanwaltschaft Sozialrecht • Fachanwaltschaft Versicherungsrecht • Fachanwaltschaft Arbeitsrecht • Fachanwaltschaft Steuerrecht • Fachanwaltschaft Familienrecht • Fachanwaltschaft Erbrecht • Strafrecht • Bankrecht & Kapitalmarktrecht • Baurecht & Architektenrecht •  • Grundstücksrecht & Immobilienrecht • Zivilrecht • Mietrecht & Wohnungseigentumsrecht • Sozialversicherungsrecht • Medizinrecht • Arzthaftungsrecht • Allgemeines Vertragsrecht • Gewerblicher Rechtsschutz • Urheberrecht & Medienrecht • Kaufrecht • IT-Recht • Insolvenzrecht & Sanierungsrecht"
"https://www.anwalt.de/baer-crolly-uhl","Bär Crolly Uhl Partnerschaft von Rechtsanwälten","In den Weingärten 8, 63075 Offenbach am Main","Fachanwaltschaft Verwaltungsrecht • Fachanwaltschaft Mietrecht & Wohnungseigentumsrecht • Baurecht & Architektenrecht • Maklerrecht • Öffentliches Recht • Zivilrecht •  • Umweltrecht • Zwangsvollstreckungsrecht • Öffentliches Baurecht • Grundstücksrecht & Immobilienrecht • Allgemeines Vertragsrecht • Handelsrecht & Gesellschaftsrecht"
"https://www.anwalt.de/mueller-michael-rechtsanwaelte","Müller & Michael, LL.M.oec, Rechtsanwälte, PartG mbB","Jahnring 15, 39104 Magdeburg","Fachanwaltschaft Strafrecht • Fachanwaltschaft Arbeitsrecht • Fachanwaltschaft Gewerblicher Rechtsschutz • Verkehrsrecht • Schadensersatzrecht & Schmerzensgeldrecht • Ordnungswidrigkeitenrecht • Allgemeines Vertragsrecht • Mietrecht & Wohnungseigentumsrecht • Baurecht & Architektenrecht • Wettbewerbsrecht • IT-Recht • Markenrecht •  • Urheberrecht & Medienrecht"
"https://www.anwalt.de/bow-legal","bow legal","Tucholskystr. 18, 10117 Berlin","Fachanwaltschaft Handelsrecht & Gesellschaftsrecht • Fachanwaltschaft Erbrecht • Fachanwaltschaft Familienrecht • Fachanwaltschaft Steuerrecht • Grundstücksrecht & Immobilienrecht • Unternehmensrecht & Betriebsnachfolge • Betreuungsrecht • Strafrecht • Agrarrecht •  • Internationales Recht"
"https://www.anwalt.de/bronhofer-und-partner","Bronhofer & Partner","Sendlinger-Tor-Platz 5, 80336 München","Fachanwaltschaft Handelsrecht & Gesellschaftsrecht • Fachanwaltschaft Arbeitsrecht • Fachanwaltschaft Strafrecht • Verkehrsrecht • Arzthaftungsrecht • Zivilrecht • Ordnungswidrigkeitenrecht •  • Schadensersatzrecht & Schmerzensgeldrecht • Unternehmensrecht & Betriebsnachfolge"