"btn href","stretched-link","me-1"
"https://www.anwalt.de/ra-sonntag","Dr. Sonntag Rechtsanwälte","Hans-Vogel-Str. 2, 90765 Fürth"
"https://www.anwalt.de/anwaltsbuero47-rupp-zipp-meyer-wank-rechtsanwaelte","anwaltsbüro47","Zeuggasse 7, 86150 Augsburg"
"https://www.anwalt.de/fricke-deike-ellrich","Rechtsanwaltskanzlei Fricke Deike Ellrich","Grabenstr. 42, 44787 Bochum"
"https://www.anwalt.de/goehring-plarre","Rechtsanwälte Göhring + Plarre","Marktpassage 10, 21149 Hamburg"
"https://www.anwalt.de/vogel-zahn","humanius Rechtsanwälte Fachanwälte","Kaiserstraße 91-97, 53721 Siegburg"
"https://www.anwalt.de/rae-wellmann","Wellmann & Kollegen Rechtsanwälte, Jakob & Kuhn GbR","Schuchardstr. 14, 64283 Darmstadt"
"https://www.anwalt.de/rechtsanwaltskanzlei-und-fachanwaltskanzlei-fuer-arbeitsrecht-de-backer","Rechtsanwaltskanzlei und Fachanwaltskanzlei für Arbeitsrecht De Backer","Klettenbergstr. 14, 60322 Frankfurt am Main"
"https://www.anwalt.de/scharffetter-blatt","Rechtsanwälte Herzog & Biendarra","Osterstr. 7-9, 31134 Hildesheim"
"https://www.anwalt.de/bskp","BSKP Dr. Broll · Schmitt · Kaufmann & Partner","Hauptstr. 44, 01589 Riesa"
"https://www.anwalt.de/rechtsanwaelte-jordan--dr-auffermann-partnerschaft","Rechtsanwälte Jordan & Dr. Auffermann Partnerschaft","Kapuzinerstr. 17, 97070 Würzburg"
"https://www.anwalt.de/advoadvice","AdvoAdvice Partnerschaft von Rechtsanwälten mbB Tintemann Klevenhagen Rohrmoser","Feldstraße 17 a, 12207 Berlin"
"https://www.anwalt.de/allmang-erbacher-gilles","Rechtsanwälte Allmang, Erbacher & Gilles PartGmbB","Eisenbahnstr. 73, 67655 Kaiserslautern"
"https://www.anwalt.de/brinkschroeder-braksiek","Kanzlei BBR Brinkschröder, Braksiek GbR","Nikolaiort 5a, 49074 Osnabrück"
"https://www.anwalt.de/weyde-kollegen","Rechtsanwälte Weyde & Kollegen","Gotthilf-Bayh-Str. 1, 70736 Fellbach"
"https://www.anwalt.de/woerlen-ziegelmeir-theurer","Rechtsanwälte Wörlen, Ziegelmeir, Dr. Theurer","Weinmarkt 7, 86720 Nördlingen"
"https://www.anwalt.de/rha","Rechtsanwälte Reuter, Herwegh & Arndt Partnerschaft mbB","Spichernstr. 55, 50672 Köln"
"https://www.anwalt.de/dr-schloz--braun--kiefer--partner-mbb","Dr. Schloz · Braun · Kiefer & Partner mbB","Bertha-von-Suttner-Str. 7, 77654 Offenburg"
"https://www.anwalt.de/rae-schwabach","Rechtsanwälte Heckel, Löhr, Dr. Kronast, Körblein, Geisler","Limbacher Str. 62, 91126 Schwabach"
"https://www.anwalt.de/steinbock-partner","Steinbock & Partner Rechtsanwaltskanzlei Fachanwälte - Steuerberater","Erfurter Straße 8, 99867 Gotha"
"https://www.anwalt.de/scharffetter--blatt-rechtsanwaelte","Scharffetter & Blanke Rechtsanwälte","Scheelenstr. 1, 31134 Hildesheim"
"https://www.anwalt.de/nonnenmacher-rechtsanwaelte","Nonnenmacher Rechtsanwälte Partnerschaft mbB","Wendtstr. 17, 76185 Karlsruhe"
"https://www.anwalt.de/dr-hartung-rechtsanwaltsgesellschaft-mbh","Dr. Hartung Rechtsanwaltsgesellschaft mbH","Humboldtstraße 63, 41061 Mönchengladbach"
"https://www.anwalt.de/elblaw-rechtsanwaelte","elblaw Rechtsanwälte","Kaiser-Wilhelm-Str. 93, 20355 Hamburg"
"https://www.anwalt.de/anwaltsgemeinschaft","Anwaltsgemeinschaft Dr. Vollmer","Pallasstr. 79, 44575 Castrop-Rauxel"
"https://www.anwalt.de/anwaltskanzlei-memmert","Anwaltskanzlei Memmert","Erkrather Str. 162, 40233 Düsseldorf"
"https://www.anwalt.de/anwaltskanzlei-welz","Anwaltskanzlei Welz","Tribseer Damm 77, 18439 Stralsund"
"https://www.anwalt.de/rechtsanwaelte-hartmann-abel-zimmer-partnerschaftsgesellschaft-mbb","Rechtsanwälte Hartmann Abel Zimmer Partnerschaftsgesellschaft mbB","Gaswerkstraße 5b, 77652 Offenburg"
"https://www.anwalt.de/rechtsinformer-rechtsanwaelte-pflug-und-partner-mbb","rechtsinformer Rechtsanwälte - Pflug und Partner mbB","Rheiner Landstraße 74, 49078 Osnabrück"
"https://www.anwalt.de/rechtsanwaelte-frank-mohr-joachim-mohr-sven-koeppe-in-buerogemeinschaft","Rechtsanwälte Frank Mohr, Joachim Mohr, Sven Köppe in Bürogemeinschaft","Greizer Str. 1, 35396 Gießen"
"https://www.anwalt.de/krebs--partner-partg","Krebs & Partner PartG","Markt 32, 52525 Heinsberg"
"https://www.anwalt.de/lamster-und-partner-rechtsanwaelte","Lamster & Partner Rechtsanwälte PartG mbB","Kaiser-Joseph-Str. 269, 79098 Freiburg im Breisgau"
"https://www.anwalt.de/rechtsanwaelte-bergmann-jaekel-wasselewsky","Bergmann, Jaekel, Waßelewsky","Marburger 16, 10789 Berlin"
"https://www.anwalt.de/jfm24","Jordan Fuhr Meyer Rechtsanwälte und Steuerberater","Kaiserstr. 84, 44135 Dortmund"
"https://www.anwalt.de/bartholme-schilling-kaiser-partner","Bartholme · Schilling · Kaiser & Partner - Rechtsanwälte · Fachanwälte","Karlstr. 36, 78054 Villingen-Schwenningen"
"https://www.anwalt.de/mueller-seidel-vos-rechtsanwaelte","MÜLLER SEIDEL VOS - Rechtsanwälte Steuerberater","Breite Straße 147-151, 50667 Köln"
"https://www.anwalt.de/kanzlei-blatt","Blatt & Kollegen Rechtsanwälte","Hauptbahnhofstraße 2, 97424 Schweinfurt"
"https://www.anwalt.de/kanzlei-peters-und-dr-momberg","Kanzlei Peters und Dr. Momberg","Luisenstr. 23b, 37269 Eschwege"
"https://www.anwalt.de/sperrer-bette-collegen","Sperrer, Bette & Collegen","Kaflerstraße 4, 81241 München"
"https://www.anwalt.de/kanzlei-fahr-gross-indetzki","Kanzlei Fahr | Groß | Indetzki","Weingartenstr. 19a, 77654 Offenburg"
"https://www.anwalt.de/kanzlei-am-holm","Kanzlei am Holm","Holm 66, 24937 Flensburg"
"https://www.anwalt.de/kleinherne","Dollinger Partnerschaft mbB","Rotbuchenstr. 1, 81547 München"
"https://www.anwalt.de/lohbeck-und-partner-rechtsanwaelte","LOHBECK & PARTNER RECHTSANWÄLTE","Hornschuchpromenade 7, 90762 Fürth"
"https://www.anwalt.de/doelle-bingel","Dölle & Partner","Brombergstr. 17c, 79102 Freiburg im Breisgau"
"https://www.anwalt.de/oehlmann","Oehlmann Rechtsanwälte – Fachanwälte – Steuerberater","Heiligenstädter Str. 20, 37327 Leinefelde"
"https://www.anwalt.de/bruellmann","BRÜLLMANN Rechtsanwälte","Rotebühlplatz 1, 70178 Stuttgart"
"https://www.anwalt.de/suckert","SUCKERT & COLLEGEN RECHTSANWÄLTE MÜNCHEN","Belgradstr. 9/III, 80796 München"
"https://www.anwalt.de/koester-kollegen","Kanzlei Königstraße","Königstr. 64, 70173 Stuttgart"
"https://www.anwalt.de/legalis-anwaelte","LEGALIS. Anwälte","Alter Postplatz 15, 88400 Biberach an der Riß"
"https://www.anwalt.de/mm-anwaelte","Rechtsanwälte Ceelen, Dr. Hutter, Stalter, Pfaudler, Dr. Veh PartGmbB","Königsgraben 17, 87700 Memmingen"
"https://www.anwalt.de/anwaltskanzlei-landherr-rechtsanwaelte-und-fachanwaelte","Anwaltskanzlei Landherr Rechtsanwälte und Fachanwälte","Königstr. 50, 33330 Gütersloh"
"https://www.anwalt.de/borgelt","BORGELT & PARTNER Rechtsanwälte mbB","Taubenstr. 22, 40479 Düsseldorf"
"https://www.anwalt.de/rechtsanwaelte-zeilinger-rosenschon-fiebig-roessger---advotas","Rechtsanwälte Zeilinger Rosenschon Fiebig Rößger - Advotas","Dr.-Gessler-Straße 45, 93051 Regensburg"
"https://www.anwalt.de/luckhaus-reinold-huelsmann-panzer","Rechtsanwälte Luckhaus Reinold Hülsmann & Panzer","Hofkamp 138, 42103 Wuppertal"
"https://www.anwalt.de/bhg-rechtsanwaelte","BHG Rechtsanwälte","Lortzingstraße 2, 49074 Osnabrück"
"https://www.anwalt.de/stuckensen-hoffmann","Stuckensen - Hoffmann - Rössler, Rechtsanwälte Partnerschaft mbB","Ackerstraße 7, 67227 Frankenthal"
"https://www.anwalt.de/ihr-anwalt","Anwaltsbüro Quirmbach & Partner","Robert-Bosch-Str. 12, 56410 Montabaur"
"https://www.anwalt.de/dr-sieprath--partner-partnerschaft-mbb","Dr. Sieprath & Partner Partnerschaft mbB","Augustinusstraße 9a, 50226 Frechen"
"https://www.anwalt.de/blanke-colshorn","Dr. Blanke | Colshorn - Rechtsanwälte und Notare","Trift 31, 29221 Celle"
"https://www.anwalt.de/rechtsanwaelte-wub","W&B Anwaltssozietät","Hofkamp 86, 42103 Wuppertal"
"https://www.anwalt.de/ghendler-ruvinskij-rechtsanwaelte-partnerschaftsgesellschaft-mbb","KRAUS GHENDLER RUVINSKIJ Anwaltskanzlei","Friedrichstr. 171, 10117 Berlin"
"https://www.anwalt.de/zipper","Rechtsanwälte Zipper & Partner","Wildemannstr. 4, 68723 Schwetzingen"
"https://www.anwalt.de/biesdorf-kram-und-partner","Biesdorf, Kram & Partner","Eurener Str. 33, 54294 Trier"
"https://www.anwalt.de/mzs-rechtsanwaelte","mzs Rechtsanwälte vereidigter Buchprüfer Meyer zu Schwabedissen und Partner mbB","Goethestr. 83, 40237 Düsseldorf"
"https://www.anwalt.de/p-a-t-i-e-n-t-e-n-a-n-w-a-l-t--a-g-----experten-in-arzthaftung--medizinprodukthaftung","P A T I E N T E N A N W A L T  A G  -  Experten in Arzthaftung & Medizinprodukthaftung","Maximilianstr. 33, 80539 München"
"https://www.anwalt.de/bertoll-bauer-raim","BERTOLL BAUER RAIM Rechtsanwälte Partnerschaft","Georg-Hellmair-Platz 169, 86899 Landsberg am Lech"
"https://www.anwalt.de/artz-partner-rechtsanwaelte","Artz & Partner Rechtsanwälte","Nymphenburger Straße 137, 80636 München"
"https://www.anwalt.de/plato-rechtsanwaelte","PLATO Rechtsanwälte","Hauptstraße 44, 73033 Göppingen"
"https://www.anwalt.de/rudolf-goldschadt-kollegen","Rechtsanwälte Rudolf, Goldschadt und Kollegen","Gymnasiumstr. 25, 85049 Ingolstadt"
"https://www.anwalt.de/rechtsanwaelte-dr-bergdolt--kollegen","Rechtsanwälte Dr. Bergdolt & Kollegen","M 1,1 1, 68161 Mannheim"
"https://www.anwalt.de/rechtsanwaelte-willi-und-janocha-partnerschaft-mbb","Rechtsanwälte Willi & Janocha Partnerschaft mbB","Weidenweg 13, 86609 Donauwörth"
"https://www.anwalt.de/kanzlei-von-rochow--partner","Kanzlei von Rochow & Partner","Martin-Luther-Str. 29, 91217 Hersbruck"
"https://www.anwalt.de/herrmann-mey","Herrmann & Mey Rechtsanwälte","Obere Hauptstr. 52, 85354 Freising"
"https://www.anwalt.de/greiner-kollegen","Greiner & Kollegen PartGmbB Rechtsanwälte","Haagstr. 14, 86316 Friedberg (Bayern)"
"https://www.anwalt.de/hoeck-spiess-fach-lieb","HÖCK SPIESS FACH LIEB Rechtsanwälte und Notare","Schloßgasse 14, 64807 Dieburg"
"https://www.anwalt.de/koenig-rechtsanwaelte-partnerschaft-schmidt-lambertz-strotmann-bergweiler-porten-biwer-hasselbach-lichtmess-mbb","König Rechtsanwälte Partnerschaft Schmidt Lambertz Strotmann Bergweiler Porten-Biwer Haßelbach Lichtmeß mbB","Kalenfelsstraße 5a, 54290 Trier"
"https://www.anwalt.de/greine-reddemann-partner","Rechtsanwälte Reddemann, Huthoff, Sämann und Partner","Herzogswall 34, 45657 Recklinghausen"
"https://www.anwalt.de/lowack-angerer","Rechtsanwälte Lowack & Angerer","Friedrichstr. 17, 95444 Bayreuth"
"https://www.anwalt.de/huesing-stark-partner","Hüsing | Stark | Partner","Großneumarkt 20, 20459 Hamburg"
"https://www.anwalt.de/saleo-rechtsanwaelte","SALEO Rechtsanwälte PartGmbB","In den Kolonnaden 17, 61231 Bad Nauheim"
"https://www.anwalt.de/wieschemann-karmeinsky-wiebelt","Kanzlei Wieschemann – Karmeinsky – Wiebelt","Am Altenhof 8, 67655 Kaiserslautern"
"https://www.anwalt.de/vy-anwalt","Vy – Brix Lange Verweyen Rechtsanwälte PartG mbB","Tempelhofer Ufer 32, 10963 Berlin"
"https://www.anwalt.de/kolodziej-winter-krause","KOLODZIEJ  WINTER  KRAUSE  Rechtsanwälte","Dresdner Str. 2, 01662 Meißen"
"https://www.anwalt.de/ra-juerges-bit","jks Rechtsanwälte Fachanwälte","Lindenstr. 11, 06749 Bitterfeld-Wolfen"
"https://www.anwalt.de/gollhofer-weidlich-leser","Gollhofer Weidlich Leser","Lessingstraße 1, 68165 Mannheim"
"https://www.anwalt.de/dr-winkelmann-dr-vogt-rechtsanwaelte-und-notar","Dr. Winkelmann Dr. Vogt & Partner Rechtsanwaltsgesellschaft mbB","Ludwigsplatz 8, 64283 Darmstadt"
"https://www.anwalt.de/gebhardt-moritz-weil-collegen","G+M Rechtsberatung Dr. Gebhardt + Moritz, Weil + Collegen","Heinrichstraße 17/19, 36037 Fulda"
"https://www.anwalt.de/akh-h","AKH-H Aslanidis, Kress & Häcker-Hollmann","Freihofstraße 6, 73730 Esslingen am Neckar"
"https://www.anwalt.de/kanzlei-svm","Anwaltskanzlei SVM","Franz-Lenz-Str. 4, 49084 Osnabrück"
"https://www.anwalt.de/rechtsanwaltskanzlei-goss-und-kollegen","Goß & Kollegen Rechtsanwälte","Georgenstr. 22, 92224 Amberg"
"https://www.anwalt.de/mein-anwaltsbuero-hildesheim","Rechtsanwälte Döring Koch Schütze & Partner mbB","Kaiserstraße 17, 31134 Hildesheim"
"https://www.anwalt.de/giersmauer-fuenf","Kanzlei Ferlings, Cramer & Kollegen","Giersmauer 5, 33098 Paderborn"
"https://www.anwalt.de/rehmann","Kröger, Rehmann & Partner Rechtsanwälte mbB","Bahnhofstraße 32, 33102 Paderborn"
"https://www.anwalt.de/lorentz-macht-fandel","Rechtsanwälte Lorentz, Macht, Fandel","Platz der Freiheit 7a, 19053 Schwerin"
"https://www.anwalt.de/anwaltskanzlei-witte--steveker","Anwaltskanzlei Witte & Steveker","Stettiner Str. 12-14, 27232 Sulingen"
"https://www.anwalt.de/mbe-much-busch-eslam","mbe| Much, Busch & Eslam","Bahnhofstraße 59, 65185 Wiesbaden"
"https://www.anwalt.de/schroeder--waldherr-dr-duemichen-rechtsanwaelte--notare","Schröder & Waldherr, Dr. Dümichen| Rechtsanwälte & Notare","Kjeirstr. (Westerland) 4, 25980 Sylt"
"https://www.anwalt.de/wissing-rechtsanwaelte","WISSING HEINTZ GEHRLEIN Rechtsanwälte PartGmbB","Max-Planck-Straße 6, 76829 Landau in der Pfalz"
"https://www.anwalt.de/dr-stoll-sauer-rechtsanwaltsgesellschaft-mbh","Dr. Stoll & Sauer Rechtsanwaltsgesellschaft mbH","Kronenstr. 24, 70173 Stuttgart"
"https://www.anwalt.de/kanzlei-am-alten-rathaus","Kanzlei am Alten Rathaus – Rechtsanwälte Kohl Schupp Vaitl Kraml Partnerschaft mbB","Oberer Stadtplatz 4, 94469 Deggendorf"
"https://www.anwalt.de/kanzlei-dr-schoch-leister","Kanzlei Dr. Schoch & Leister","Bahnhofstraße 1 1, 69115 Heidelberg"
"https://www.anwalt.de/kanzlei-goerke","RAe Dr. Görke – Dr. Scheja & Kollegen","Gartenstr 24, 72074 Tübingen"
"https://www.anwalt.de/gassmann-und-seidel","Gaßmann & Seidel Rechtsanwälte Partnerschaft mbB","Marienstr. 17, 70178 Stuttgart"
"https://www.anwalt.de/schneider-trost-friedrichs","Dr. Friedrichs & Partner Rechtsanwälte Partnerschaft mbB","Am Bahnhof 6, 66822 Lebach"
"https://www.anwalt.de/erwin-braeutigam","Keller Höfer Leibold Bräutigam| Rechtsanwälte Partnerschaft","Fehrle-Gärten 1, 73525 Schwäbisch Gmünd"
"https://www.anwalt.de/lueken-und-stebahne","Lüken & Stebahne | Rechtsanwälte für Personenschäden","Friedrich-Ebert-Anlage 35-37, 60327 Frankfurt am Main"
"https://www.anwalt.de/grohmann-kollegen","Rechtsanwälte Grohmann & Kollegen","Halberstädter Str. 47, 39112 Magdeburg"
"https://www.anwalt.de/kessler-winkelmeyr-neubauer","kessler | winkelmeyr | neubauer · anwälte","Schützenstr. 30, 96047 Bamberg"
"https://www.anwalt.de/rompf-peiler","Kanzlei Rompf & Peiler","Bismarckstr. 17, 27749 Delmenhorst"
"https://www.anwalt.de/jus-rechtsanwaelte-schloms-und-partner","JuS Rechtsanwälte Schloms und Partner mbB","Ulrichsplatz 12, 86150 Augsburg"
"https://www.anwalt.de/melzer-penteridis","Melzer Penteridis Kampe Rechtsanwälte PartGmbB","Technologiepark 32, 33100 Paderborn"
"https://www.anwalt.de/melchior-krueger-melchior-ogorek","Melchior Krüger Illig Rechtsanwälte","Hauptstr. 36, 01097 Dresden"
"https://www.anwalt.de/advoteam","ADVOTEAM","Große Str. 63, 24937 Flensburg"
"https://www.anwalt.de/dr-schneider--partner-rechtsanwaltsgesellschaft-mbb","Dr. Schneider & Partner Rechtsanwaltsgesellschaft mbB","Alter Schlachthof 45, 76131 Karlsruhe"
"https://www.anwalt.de/anwaltskanzlei-hitzfeld","Rechtsanwälte Dr. Hitzfeld & Kollegen","Chesterplatz 1, 79539 Lörrach"
"https://www.anwalt.de/rechtsanwaelte-dr-schubert-und-kollegen---rechts--und-steuerberatung","KMZP Rechtsanwälte Kühne, Dr. Mehlhorn, Zimmermann GbR","Moltkestr. 10, 35390 Gießen"
"https://www.anwalt.de/martin-kunzendorff-rechtsanwaltskanzlei","Rechtsanwaltskanzlei Kunzendorff","Hindenburgstr. 23, 67433 Neustadt an der Weinstraße"
"https://www.anwalt.de/springer-obinger-partner","Rechtsanwälte Schlak, Wieland & Partner mbB","St.-Konrad-Str. 51, 88250 Weingarten"
"https://www.anwalt.de/kirsch-heck-valter","Rechtsanwälte Kirsch Heck Valter PartGmbB WESTANWÄLTE","Schenkelstr.  9, 52349  Düren"
"https://www.anwalt.de/meyer-und-frey-rechtsanwaelte","Meyer & Frey Rechtsanwälte","Friedrich-Ebert-Ring 2, 97072 Würzburg"
"https://www.anwalt.de/schweiger-sigl-schwarzbauer-dr-barth-temporale-rechtsanwaelte","Schweiger, Sigl, Schwarzbauer, Dr. Barth und Temporale Rechtsanwälte PartGmbB","Neustadt 530, 84028 Landshut"
"https://www.anwalt.de/rechtsanwaelte-koenigshaus-und-schaefer","Rechtsanwälte Koenigshaus und Schäfer","Alt Pempelfort 2, 40211 Düsseldorf"
"https://www.anwalt.de/kanzlei-kraft-geil-und-kollegen","Kanzlei Kraft, Geil und Kollegen","Falkstr. 9, 33602 Bielefeld"
"https://www.anwalt.de/kgh","KGH Anwaltskanzlei","Fürther Str. 98-100, 90429 Nürnberg"
"https://www.anwalt.de/keen-law-rechtsanwalts-gmbh","Keen Law Rechtsanwalts GmbH","Märkisches Ufer 38/40, 10179 Berlin"
"https://www.anwalt.de/anwaltskanzlei-dotterweich--boehler","Anwaltskanzlei Dotterweich | Böhler | Schulz","Hussenstr. 19, 78462 Konstanz"
"https://www.anwalt.de/kuehner-loeffler","Anwaltskanzlei Kühner & Löffler","Augustaanlage 22, 68165 Mannheim"
"https://www.anwalt.de/doettelbeck-dr-wemhoener--partner","Döttelbeck Dr. Wemhöner & Partner","Münsterstraße 44, 48351 Everswinkel"
"https://www.anwalt.de/cllb","CLLB Rechtsanwälte Liebl, Leitz, Braun, Kainz, Sittner Partnerschaft","Panoramastr. 1, 10178 Berlin"
"https://www.anwalt.de/rechtsanwaelte-mueller-paul","Rechtsanwälte Müller & Dr. Paul Partnerschaftsgesellschaft","Strengerstraße 4 und 6, 33330 Gütersloh"
"https://www.anwalt.de/rechtsanwaelte-dr-weber-kollegen","RECHTWEBER LEGAL - Kanzlei Dr. Weber & Kollegen - Rechtsanwälte - Fachanwälte","Peter-Irmen-Str. 4, 41352 Korschenbroich"
"https://www.anwalt.de/ostermann-kollegen","Kanzlei Ostermann und Kollegen","Cranger Str. 300, 45891 Gelsenkirchen"
"https://www.anwalt.de/rechtsanwaelte-hollmayr-perl-dr-wenzl","Rechtsanwälte Hollmayr – Perl & Kollegen","Auwiesenweg 17, 94209 Regen"
"https://www.anwalt.de/revo-rechtsanwaelte","ReVo-Rechtsanwälte","Friedrichstraße 23, 92648 Vohenstrauß"
"https://www.anwalt.de/volmar","Rechtsanwälte Volmar • Haase • Dix","Hirnbeinstr. 2, 87435 Kempten (Allgäu)"
"https://www.anwalt.de/kampf-rechtsanwaelte","Kampf Rechtsanwälte Partnerschaftsgesellschaft","Leonrodstr. 68, 80636 München"
"https://www.anwalt.de/limmer-reutemann-rae-partnerschaft","Limmer.Reutemann - RAe Partnerschaft","Theodor-Heuss-Platz 8, 86150 Augsburg"
"https://www.anwalt.de/rechtsanwaelte-an-der-residenz","Rechtsanwälte an der Residenz","Residenzplatz 1, 87435 Kempten (Allgäu)"
"https://www.anwalt.de/muehlenbein","Mühlenbein und Kollegen | Rechtsanwälte und Fachanwälte in Brilon","Bahnhofstr. 4, 59929 Brilon"
"https://www.anwalt.de/dr-zwanziger-collegen-gbr","DR. ZWANZIGER & COLLEGEN GbR","Humboldtstraße 14, 07545 Gera"
"https://www.anwalt.de/rls-rechtsanwaelte","rls Rechtsanwälte Retzlaff, Sommer, Horn","Arndtstraße 6, 01099 Dresden"
"https://www.anwalt.de/bach-wandner-haak","Bach • Wandner • Haak Rechtsanwälte","Domplatz 30, 99084 Erfurt"
"https://www.anwalt.de/tietze-enders-und-partner-mbb-rechtsanwaelte-steuerberater","tes rechtsanwälte steuerberater - tietze enders & Partner mbB","Bleichstr. 64-66, 60313 Frankfurt am Main"
"https://www.anwalt.de/hlb-schumacher-hallermann-gmbh-rechtsanwaltsgesellschaft","HLB Schumacher Hallermann GmbH Rechtsanwaltsgesellschaft","An der Apostelkirche 4, 48143 Münster"
"https://www.anwalt.de/wigu","WIGU – Borufka, Heiling & Rößler","Alexandrinenstr. 18, 19055 Schwerin"
"https://www.anwalt.de/anwaltskanzlei-schmid--kollegen","Anwaltskanzlei Schmid + Kollegen","Remsstraße 35, 73525 Schwäbisch Gmünd"
"https://www.anwalt.de/salleck-partner","SALLECK + PARTNER","Zeppelinstr. 15, 91052 Erlangen"
"https://www.anwalt.de/rechtsanwaelte-goethestr-89-gbr","Rechtsanwälte Goethestr. 89 GbR","Goethestr. 89, 45130 Essen"
"https://www.anwalt.de/gerlach-meyer-schwickerath-evers","Gerlach Meyer-Schwickerath Evers Rechtsanwälte und Notare","Bergstr. 10, 48143 Münster"
"https://www.anwalt.de/rechtsanwaelte-wolfgang-benedikt-jansen","Rechtsanwälte Wolfgang Benedikt-Jansen","Kampsriede 6a, 30659 Hannover"
"https://www.anwalt.de/remmers-molzahn-kollegen","Remmers, Molzahn & Kollegen | Rechtsanwälte • Fachanwälte • Notar","Am Alten Handelshafen 2, 26789 Leer (Ostfriesland)"
"https://www.anwalt.de/rechtsanwaltskanzlei-mirko-walbach","Rechtsanwaltskanzlei Walbach - Zimmer","Heidelberger Landstr. 202, 64297 Darmstadt"
"https://www.anwalt.de/sfw-baumeister--partner-rechtsanwaelte-gmbb","SFW Baumeister & Partner Rechtsanwälte GmbB","Friedrichstraße 95, 10117 Berlin"
"https://www.anwalt.de/schulz-bruehl--von-alvensleben-rechtsanwaelte-partgmbb","Schulz, Brühl & von Alvensleben Rechtsanwälte PartGmbB","Königsbrücker Straße 61, 01099 Dresden"
"https://www.anwalt.de/rewisto","REWISTO Rechtsanwälte Friedhoff, Mauer & Partner mbB","Viktoriastr. 73-75, 52066 Aachen"
"https://www.anwalt.de/salfer-buehler-dornieden-rechtsanwaelte-partg-mbb","Salfer Bühler Dornieden Rechtsanwälte PartG mbB","Georg-Hoffmann-Str. 20, 28857 Syke"
"https://www.anwalt.de/otto-hugendubel-emmert","Rechtsanwälte Otto Hugendubel Emmert","Herzogspitalstr. 3, 80331 München"
"https://www.anwalt.de/ritzer-kollegen","Ritzer & Kollegen","Bavariaring 15, 80336 München"
"https://www.anwalt.de/blf-rechtsanwaelte","BLF Rechtsanwälte","Friedrichstraße 45, 70174 Stuttgart"
"https://www.anwalt.de/runkel-rechtsanwaelte","Runkel Patz Rechtsanwälte Partnerschaft","Mannheimer Str. 256, 55543 Bad Kreuznach"
"https://www.anwalt.de/fertig--frenzel--kollegen","Fertig ᛫ Frenzel & Kollegen","Nossener Brücke 10, 01187 Dresden"
"https://www.anwalt.de/gtw-anwaelte","Gruska-Theus & Weber Rechtsanwälte","Thälmannstr. 32, 99974 Mühlhausen/Thüringen"
"https://www.anwalt.de/fachanwaltskanzlei-dr-sebastian-hollitzer","Fachkanzlei Dr. Hollitzer & Hiller","Markt 15, 24211 Preetz"
"https://www.anwalt.de/oberthuer-schira","Dr. Oberthür & Schira","Bruderturmgasse 8, 78462 Konstanz"
"https://www.anwalt.de/schumacher--partner","Schumacher & Partner","Mattentwiete 5, 20457 Hamburg"
"https://www.anwalt.de/bode-echterling","Bode & Echterling","Herforder Str. 11, 32657 Lemgo"
"https://www.anwalt.de/rightmart-rechtsanwaltsgesellschaft-mbh","rightmart Rechtsanwalts GmbH","Sonnenallee 260/262, 12057 Berlin"
"https://www.anwalt.de/rae-weyrich","Weyrich Rechtsanwälte PartG mbB","Friedhofstr. 2, 66849 Landstuhl"
"https://www.anwalt.de/besold-rechtsanwaelte","Besold Rechtsanwälte","Penzendorfer Str. 20, 91126 Schwabach"
"https://www.anwalt.de/andreas-mauritz-rechtsanwaelte","Andreas MAURITZ Rechtsanwälte","Poststraße 12 12, 73033 Göppingen"
"https://www.anwalt.de/mep-k-rechtsanwaelte-und-notar","mep + k rechtsanwälte und notar","Eiermarkt 1, 38100 Braunschweig"
"https://www.anwalt.de/stelter-gottstein-kollegen","Stelter.Gottstein.Kollegen – Rechtsanwälte │ Notare │ Fachanwälte","Lange Straße 23, 27232 Sulingen"
"https://www.anwalt.de/rbo","rbo – Rechtsanwälte","Sieben Berge 37, 26125 Oldenburg (Oldenburg)"
"https://www.anwalt.de/martin-und-stapel","Martin & Stapel","Bahnhofstr. 16, 32545 Bad Oeynhausen"
"https://www.anwalt.de/rechtsanwaltskanzlei-kaiser","Rechtsanwaltskanzlei Kaiser","Konrad-Adenauer-Straße 19, 67433 Neustadt an der Weinstraße"
"https://www.anwalt.de/witt-rechtsanwaelte","Witt Rechtsanwälte PartGmbB","Berliner Str. 119-125, 16515 Oranienburg"
"https://www.anwalt.de/kanzlei-fsw","Rechtsanwälte Dr. Foerster, Wiesner & Kollegen","Hauptstr. 55, 33449 Langenberg"
"https://www.anwalt.de/wintermann-bentrup-schmitz","Kanzlei Wintermann | Bentrup | Schmitz","Bismarkstraße 1, 27749 Delmenhorst"
"https://www.anwalt.de/dresdner-fachanwaelte","KUCKLICK dresdner-fachanwaelte.de","Palaisplatz 3, 01097 Dresden"
"https://www.anwalt.de/kanzlei-breiter","Kanzlei Breiter","Dalbergstr. 20, 67122 Altrip"
"https://www.anwalt.de/von-buttlar-rechtsanwaelte-partnerschaft-mbb","von Buttlar Rechtsanwälte Partnerschaft mbB","Löffelstraße 4, 70597 Stuttgart"
"https://www.anwalt.de/dr-jur-siegmar-grollmuetz-peter-mastaliers--partner-gbr","Dr. jur. Siegmar Grollmütz, Peter Mastaliers & Partner GbR","Bodestraße 5, 39418 Staßfurt"
"https://www.anwalt.de/budin","BUDIN.rechtsanwälte GbR Rechtsanwälte Fachanwälte Notare","Kaiserstr. 17a, 44135 Dortmund"
"https://www.anwalt.de/rister-wulf-partner","Kanzlei Rister, Wulf & Partner","Marientorgraben 3-5, 90402 Nürnberg"
"https://www.anwalt.de/mcf-law","MCF LAW","Aachener Straße 1290-1292, 50859 Köln"
"https://www.anwalt.de/olschar--partner-partmbb","Olschar & Partner Rechtsanwaltskanzlei Partnerschaft mbB","Bahnhofstr. 22 a, 94032 Passau"
"https://www.anwalt.de/raab-schneider-emrich-ventulett","Rechtsanwälte Raab - Schneider - Emrich-Ventulett","Burgstr. 39, 67659 Kaiserslautern"
"https://www.anwalt.de/rechtsanwaelte-szh","Schäufele Zerfowski Holderbaum Rechtsanwälte PartG mbB","Humboldtstr. 29, 76131 Karlsruhe"
"https://www.anwalt.de/linten-rechtsanwaelte","Linten & Partner Rechtsanwälte mbB","Grugaplatz 2, 45131 Essen"
"https://www.anwalt.de/bemk-rechtsanwaelte-blazek-ellerbrock-malar-kronsbein-partgmbb","BEMK Rechtsanwälte Blazek Ellerbrock Malar Kronsbein PartGmbB","Artur-Ladebeck-Str. 8, 33602 Bielefeld"
"https://www.anwalt.de/kanzlei-brugger","Rechtsanwälte Brugger & Partner mbB","Ernst-Lehmann-Str. 26, 88045 Friedrichshafen"