Name,Address,LinkedIn,Website,Email,Lawyers,Lawfields
"Rechtsanwälte Stühlein, Barthelmes & Kollegen","Brückenstr. 2, 96047 Bamberg",https://www.linkedin.com/in/michael-fischer-26a4a8136/?trk=public_profile_browsemap&originalSubdomain=de,http://www.kanzlei-sbk.de/,info@kanzlei-sbk.de,Markus Stühlein; Christian Barthelmes; Stefan Seufert; Michael Fischer,• Fachanwaltschaft Strafrecht • Fachanwaltschaft Verkehrsrecht • Steuerrecht • Zivilrecht • Forderungseinzug & Inkassorecht • Schadensersatzrecht & Schmerzensgeldrecht • Ordnungswidrigkeitenrecht • Arbeitsrecht • Erbrecht • Baurecht & Architektenrecht • Handelsrecht & Gesellschaftsrecht • Allgemeines Vertragsrecht
"Dr. Gorski, Scheibe-In der Stroth, Piotter, Rechtsanwälte, Notar, Fachanwälte","Amselweg 2, 27628 Hagen im Bremischen",https://www.anwalt.de/gorski-scheibe-in-der-stroth-piotter,http://www.kanzlei-in-hagen.de/,info@kanzlei-in-hagen.de,Vanessa Seevers; Falk Scheibe-In der Stroth; Mareike Piotter; Anna Ziemann,Fachanwaltschaft Arbeitsrecht • Fachanwaltschaft Erbrecht • • Fachanwaltschaft Sozialrecht • Fachanwaltschaft Mietrecht & Wohnungseigentumsrecht • Unterhaltsrecht • Verwaltungsrecht • Verkehrsrecht • Zivilrecht • Pferderecht • Allgemeines Vertragsrecht • Öffentliches Recht • Recht rund ums Tier • Agrarrecht • Schwerbehindertenrecht • Werkvertragsrecht • Grundstücksrecht & Immobilienrecht • Sozialversicherungsrecht • Ordnungswidrigkeitenrecht • Mediation • Kaufrecht
,,,,,,
D'ANTUONO Rechtsanwälte,"Heiner-Fleischmann-Str. 6, 74172 Neckarsulm",https://www.linkedin.com/in/giuseppe-d-antuono-08741a148/?originalSubdomain=de,https://www.dantuono.de/,kanzlei@dantuono-rae.de,Giuseppe D'Antuono; Christina Spohr; Dagmar Totz; Simon Schultes,Fachanwaltschaft Arbeitsrecht • Fachanwaltschaft IT-Recht • • Zivilrecht • Medizinrecht • Schadensersatzrecht & Schmerzensgeldrecht • Sozialversicherungsrecht • Mietrecht & Wohnungseigentumsrecht • Forderungseinzug & Inkassorecht • Allgemeines Vertragsrecht • Unterhaltsrecht • Erbrecht
,,,,,,
Rechtsanwälte Busch · Schneider Partnerschaftsgesellschaft,"Erftstr. 78, 41460 Neuss",https://www.anwalt.de/busch-schneider,http://www.busch-schneider.de/,mail@busch-schneider.de,Andreas Schneider; Frank Asche; Cornel Ehrentraut,Fachanwaltschaft Arbeitsrecht • Fachanwaltschaft Erbrecht • Fachanwaltschaft Mietrecht & Wohnungseigentumsrecht • Fachanwaltschaft Steuerrecht •
Rechtsanwälte Dr. Nickl & Seufert Partnerschaft mbB,"Ebertstr. 6, 73054 Eislingen/Fils",https://www.anwalt-eislingen.de/,http://www.anwalt-eislingen.de/,info@anwalt-eislingen.de,Nicola Lawrynowicz; Selina Dollak; Dr. jur. Werner Nickl; Fabian Seufert,Fachanwaltschaft Erbrecht • • Fachanwaltschaft Baurecht & Architektenrecht • Fachanwaltschaft Mietrecht & Wohnungseigentumsrecht • Fachanwaltschaft Verkehrsrecht • Arbeitsrecht • Allgemeines Vertragsrecht • Zivilrecht • Unterhaltsrecht • Öffentliches Baurecht • Schiedsgerichtsbarkeit • Grundstücksrecht & Immobilienrecht • Mediation
,,,,,,
KOLODZIEJ WINTER KRAUSE Rechtsanwälte,"Dresdner Str. 2, 01662 Meißen",https://www.kanzlei-meissen.de/,http://www.kanzlei-meissen.de/,kanzlei@kanzlei-meissen.de,Anja Kolodziej-Winter; Jan Winter; Anne Krause,• Fachanwaltschaft Arbeitsrecht • Fachanwaltschaft Strafrecht • Arzthaftungsrecht • Versicherungsrecht • Medizinrecht • Erbrecht • Mietrecht & Wohnungseigentumsrecht • Baurecht & Architektenrecht • Werkvertragsrecht • Ordnungswidrigkeitenrecht • Verkehrsrecht • Mediation
,,,,,,
Rechtsanwälte und Fachanwälte Becker | Behlau | Welke,"Fritz-Frey-Str. 17, 69121 Heidelberg",https://www.linkedin.com/in/dr-j%C3%B6rg-becker-73bb0983/?original_referer=https%3A%2F%2Fwww%2Egoogle%2Ecom%2F&originalSubdomain=de,https://www.strafrecht-heidelberg.de/,info@kanzlei-hd.de,Dr. Jörg Becker; Wolfgang Behlau; Patrick Welke,Fachanwaltschaft Strafrecht • • Ordnungswidrigkeitenrecht
,,,,,,
Redlow & Redlow Rechtsanwälte,"Leipziger Str. 46, 03048 Cottbus",https://www.redlow.de/,http://www.redlow.de/,cottbus@redlow.de,Johannes Hupfeld; Thorsten Redlow; Anja Redlow,• Erbrecht • Werkvertragsrecht • Kaufrecht • Zivilrecht • Grundstücksrecht & Immobilienrecht • Allgemeines Vertragsrecht
,,,,,,
D.O.C. Rechtsanwälte/ Fachanwälte,"Kaiser-Wilhelm-Str. 89, 20355 Hamburg",https://doc-rechtsanwaelte.de/,https://doc-rechtsanwaelte.de/,info@doc-rechtsanwaelte.de,Eylem Çağlar; Șeyma Soydemir; Jutta Wenzel; Dr. Oktay Caglar,Fachanwaltschaft Arbeitsrecht • • Fachanwaltschaft Verkehrsrecht • Strafrecht
,,,,,,
Rechtsanwälte am Westenhellweg,"Westenhellweg 43, 44137 Dortmund",https://www.rae-westenhellweg.de/,http://www.rae-westenhellweg.de/,info@rae-westenhellweg.de,Nicola Skoberne; André Möller; Michael Kohrs; Andre Hohlweg,Fachanwaltschaft Strafrecht • Fachanwaltschaft Mietrecht & Wohnungseigentumsrecht • Arbeitsrecht • Pflegerecht • Opferhilfe • Reiserecht • • Verkehrsrecht • Schwerbehindertenrecht • eBay & Recht • Schadensersatzrecht & Schmerzensgeldrecht • Zivilrecht • Allgemeines Vertragsrecht • Ordnungswidrigkeitenrecht • Arzthaftungsrecht
Kanzlei Schaal - Söder Rechtsanwälte Fachanwälte Mediatoren,"Hochstr. 6, 87527 Sonthofen",https://www.anwalt.de/kanzlei-schaal-soeder,http://www.kanzlei-schaal-soeder.de/,info@kanzlei-schaal-soeder.de,Martin Schaal; Michael Söder; Carolin Söder,Fachanwaltschaft Arbeitsrecht • Fachanwaltschaft Erbrecht • • Fachanwaltschaft Verkehrsrecht • Mietrecht & Wohnungseigentumsrecht • Ordnungswidrigkeitenrecht • Forderungseinzug & Inkassorecht • Mediation • Zivilrecht • Arzthaftungsrecht • Öffentliches Baurecht • Wirtschaftsrecht
Benholz Mackner Faust,"Wittbräucker Str. 42, 44287 Dortmund",https://www.bmf-recht.de/,http://www.bmf-recht.de/,info@bmf-recht.de,Thomas Benholz; Jens Mackner; Roland Faust,• Fachanwaltschaft Arbeitsrecht • Fachanwaltschaft Strafrecht • Fachanwaltschaft Mietrecht & Wohnungseigentumsrecht • Fachanwaltschaft Baurecht & Architektenrecht • Verkehrsrecht • Erbrecht • Ordnungswidrigkeitenrecht • Forderungseinzug & Inkassorecht • Grundstücksrecht & Immobilienrecht • Allgemeines Vertragsrecht • Schadensersatzrecht & Schmerzensgeldrecht • Zivilrecht
Anette Gräfin v. Roedern,"Eichteilstr. 19, 86899 Landsberg am Lech",https://www.anwalt.de/anette-graefin-v-roedern,http://www.lichtenstern.partners/,info@lichtenstern.partners,,Erbrecht • • Mediation • Unterhaltsrecht
"Rechtsanwälte Ceelen, Dr. Hutter, Stalter, Pfaudler, Dr. Veh PartGmbB","Königsgraben 17, 87700 Memmingen",https://www.anwalt.de/mm-anwaelte,https://www.mm-anwaelte.de/,info@mm-anwaelte.de,Christian Stalter; Thomas Pfaudler; Dr. Roland Veh,Fachanwaltschaft Verkehrsrecht • Fachanwaltschaft Insolvenzrecht & Sanierungsrecht • Fachanwaltschaft Arbeitsrecht • • Fachanwaltschaft Erbrecht • Fachanwaltschaft Mietrecht & Wohnungseigentumsrecht • Zivilrecht • Kaufrecht • Unterhaltsrecht • Allgemeines Vertragsrecht • Bankrecht & Kapitalmarktrecht • Versicherungsrecht • Schadensersatzrecht & Schmerzensgeldrecht
Etinger & Cazan Rechtsanwälte,"Prymstraße 1, 97070 Würzburg",https://www.etinger-cazan.de/,https://etinger-cazan.de/,info@etinger-cazan.de,Eva Benz; Sergej Etinger; Philipp Hofmann; Christian Cazan; Tatiana Slivina,• Fachanwaltschaft Strafrecht • Verkehrsrecht • Zivilrecht • Mietrecht & Wohnungseigentumsrecht • Erbrecht • Arbeitsrecht • Sozialrecht • Betreuungsrecht • Gewerblicher Rechtsschutz • Schadensersatzrecht & Schmerzensgeldrecht • Forderungseinzug & Inkassorecht • Allgemeines Vertragsrecht
Anwaltskanzlei Landherr Rechtsanwälte und Fachanwälte,"Königstraße 50 50, 33330 Gütersloh",https://www.anwalt.de/anwaltskanzlei-landherr-rechtsanwaelte-und-fachanwaelte,http://www.ra-landherr.de/,info@ra-landherr.de,André Paul Landherr; Ulrike Weikert; Inka Kindlein-Herzog,Fachanwaltschaft Arbeitsrecht • Fachanwaltschaft Verkehrsrecht • Fachanwaltschaft Mietrecht & Wohnungseigentumsrecht • • Reiserecht • Erbrecht • Zivilrecht • Versicherungsrecht • Allgemeines Vertragsrecht
Wichmann & Wortmann Rechtsanwälte - Notar - Fachanwälte,"Am Schilde 1, 48291 Telgte",https://www.anwalt.de/wichmann--wortmann-rechtsanwaelte---notare---fachanwaelte,https://www.rechtsanwaelte-wichmann.de/,info@rechtsanwaelte-wichmann.de,Jennifer Wortmann; Stephan Wortmann; Andreas Carl,Fachanwaltschaft Gewerblicher Rechtsschutz • Fachanwaltschaft IT-Recht • Fachanwaltschaft Verkehrsrecht • Fachanwaltschaft Strafrecht • Fachanwaltschaft Medizinrecht • Erbrecht • Wettbewerbsrecht • Markenrecht • Arbeitsrecht • Urheberrecht & Medienrecht • Datenschutzrecht • • Arzthaftungsrecht
Kanzlei am Burgberg,"Erzbischof-Philipp-Str. 17, 52525 Heinsberg",https://burgberg-kanzlei.de/,http://burgberg-kanzlei.de/,jm@burgberg-kanzlei.de,Wilfried Jöris; Thomas Heitzer; Alexander Staas; Philipp Croon; Jana Merten,Fachanwaltschaft Baurecht & Architektenrecht • Sozialversicherungsrecht • Verkehrsrecht • • Erbrecht • Grundstücksrecht & Immobilienrecht • Maklerrecht • Strafrecht • Mietrecht & Wohnungseigentumsrecht • Handelsrecht & Gesellschaftsrecht • Insolvenzrecht & Sanierungsrecht • Bankrecht & Kapitalmarktrecht • Arbeitsrecht • Steuerrecht • Gewerblicher Rechtsschutz • Urheberrecht & Medienrecht
ASRA - Kanzlei für Generationen,"Möllner Landstr. 8, 22111 Hamburg",https://asra.de/,http://www.asra.de/,kanzlei@asra.de,Wolfdietrich E. Axmann; Peter R. Schulz; Stefan Buri; Marco Wingert,Betreuungsrecht • Erbrecht • Arbeitsrecht • • Mietrecht & Wohnungseigentumsrecht • Sozialrecht • Sozialversicherungsrecht • Schwerbehindertenrecht • Pflegerecht
"Stuckensen - Hoffmann - Rössler, Rechtsanwälte Partnerschaft mbB","Ackerstr. 7, 67227 Frankenthal (Pfalz)",https://www.anwalt.de/stuckensen-hoffmann,http://www.stuckensen-ullrich.de/,mail@rae-stuckensen.de,Dr. Alexandra Stuckensen; Volker Hoffmann; Maria Magin; Götz Stuckensen,• Fachanwaltschaft Verkehrsrecht • Arbeitsrecht • Erbrecht • Reiserecht • Zivilrecht • Vereinsrecht & Verbandsrecht • Unterhaltsrecht • Verwaltungsrecht • Medizinrecht • Versicherungsrecht • Mietrecht & Wohnungseigentumsrecht • Strafrecht • Schadensersatzrecht & Schmerzensgeldrecht • Ordnungswidrigkeitenrecht • Allgemeines Vertragsrecht
Dr. Blanke | Colshorn - Rechtsanwälte und Notare,"Trift 31, 29221 Celle",https://blanke-colshorn.de/,http://www.blanke-colshorn.de/,celle@blanke-colshorn.de,Jens Barner; Kristin Kohlmeyer; Jens Mönkemeyer; Annette Kuhlmann; Dr. Thomas Brix,Fachanwaltschaft Arbeitsrecht • Fachanwaltschaft Sozialrecht • Fachanwaltschaft Verkehrsrecht • Fachanwaltschaft Versicherungsrecht • Fachanwaltschaft Medizinrecht • • Fachanwaltschaft Mietrecht & Wohnungseigentumsrecht • Unterhaltsrecht • Schadensersatzrecht & Schmerzensgeldrecht • Allgemeines Vertragsrecht • eBay & Recht • Grundstücksrecht & Immobilienrecht • Erbrecht • Ordnungswidrigkeitenrecht • Kaufrecht • Arzthaftungsrecht
Rechtsanwälte WUNSCH . SCHÖNAUER . LEINFELDER . DEHNE . LÜDERS und KOLLEGEN,"Hallstr. 4, 86150 Augsburg",https://www.wunschanwalt.de/,http://www.wunschanwalt.de/,info@wunschanwalt.de,Thomas Erifiu; Yasemin Gedik; Ralf Schönauer; Gamil Dehne; Petra Lüders,Fachanwaltschaft Strafrecht • • Fachanwaltschaft Insolvenzrecht & Sanierungsrecht • Fachanwaltschaft Mietrecht & Wohnungseigentumsrecht • Zivilrecht • Verkehrsrecht • Arbeitsrecht • Erbrecht • Urheberrecht & Medienrecht • Allgemeines Vertragsrecht • Wirtschaftsrecht • Opferhilfe
Kanzlei Rabe / Arnold,"Lange Straße 6/1, 71332 Waiblingen",https://www.anwalt.de/kanzlei-rabe-arnold,http://www.kanzlei-rabe-arnold.de/,buero@kanzlei-rabe-arnold.de,Jens Rabe; Daniel Grau; Claudia Arnold; Kevin Schaal,Fachanwaltschaft Strafrecht • • Erbrecht • Ordnungswidrigkeitenrecht • Zivilrecht • Opferhilfe • Verkehrsrecht • Schadensersatzrecht & Schmerzensgeldrecht
OSE STURM VOLZ Rechtsanwaltsgesellschaft mbH,"Max-Pechstein-Str 4, 67061 Ludwigshafen am Rhein",https://www.osv-anwaelte.de/,http://www.osv-anwaelte.de/,info@osv-anwaelte.de,Songül Bechtum; Roland Sturm; Andreas Volz,Fachanwaltschaft Baurecht & Architektenrecht • Fachanwaltschaft Bankrecht & Kapitalmarktrecht • Erbrecht • Vergaberecht • Grundstücksrecht & Immobilienrecht • • Verkehrsrecht • Arbeitsrecht • Zivilrecht • Handelsrecht & Gesellschaftsrecht • Wirtschaftsrecht • Internationales Wirtschaftsrecht
Rechtsanwälte & Notar Dr. Keller,"Muhrenkamp 11, 45468 Mülheim an der Ruhr",https://rae-drkeller.de/,http://www.rae-drkeller.de/,info@rae-drkeller.de,Dr. Christian Keller; Claudia Nußbaum; Marc Romeike,Fachanwaltschaft Erbrecht • Fachanwaltschaft Arbeitsrecht • Fachanwaltschaft Handelsrecht & Gesellschaftsrecht • • Fachanwaltschaft Verkehrsrecht • Kaufrecht • Allgemeines Vertragsrecht • Sozialrecht • Zivilrecht
Rechtsanwälte Heinz • Peters • König,"Westring 295, 44629 Herne",https://www.hpk-recht.de/,http://www.hpk-recht.de/,info@hpk-recht.de,Mirco Volprecht; Kevin S. Sarwar MLaw; Joachim Heinz; Peter König; Andreas Peters,Fachanwaltschaft Mietrecht & Wohnungseigentumsrecht • Fachanwaltschaft Arbeitsrecht • Fachanwaltschaft Verkehrsrecht • Allgemeines Vertragsrecht • Ordnungswidrigkeitenrecht • Erbrecht • Zivilrecht • Strafrecht • Forderungseinzug & Inkassorecht • Schadensersatzrecht & Schmerzensgeldrecht • Kaufrecht • Grundstücksrecht & Immobilienrecht • Werkvertragsrecht • Zivilprozessrecht • Baurecht & Architektenrecht •
BERTOLL BAUER RAIM Rechtsanwälte Partnerschaft,"Georg-Hellmair-Platz 169, 86899 Landsberg am Lech",https://www.anwalt.de/bertoll-bauer-raim,http://www.2bra.de/cms/,info@2bra.de,Markus Bauer; Eleonore Raim; Miguel Bertoll,Fachanwaltschaft Mietrecht & Wohnungseigentumsrecht • • Fachanwaltschaft Versicherungsrecht • Fachanwaltschaft Arbeitsrecht • Forderungseinzug & Inkassorecht • Schadensersatzrecht & Schmerzensgeldrecht • Pferderecht • Verkehrsrecht • Allgemeines Vertragsrecht • Grundstücksrecht & Immobilienrecht • Zivilrecht • Erbrecht • Sozialversicherungsrecht • Beamtenrecht • Sozialrecht • Arzthaftungsrecht
"Grünert, Swierczyna, König - Rechtsanwälte | Fachanwälte","Gerhart-Hauptmann-Straße 26, 99096 Erfurt",https://www.anwalt.de/gruenert-swierczyna-koenig,http://rfth.de/,info@rfth.de,Christina Wenk; Matthias Grünert; Stefan Swierczyna; Fabian König,Fachanwaltschaft Strafrecht • Fachanwaltschaft Handelsrecht & Gesellschaftsrecht • Fachanwaltschaft Verwaltungsrecht • Fachanwaltschaft Baurecht & Architektenrecht • Fachanwaltschaft Arbeitsrecht • • Verkehrsrecht • Schadensersatzrecht & Schmerzensgeldrecht • Ordnungswidrigkeitenrecht • Opferhilfe • Jagdrecht • Allgemeines Vertragsrecht • Vergaberecht • Wettbewerbsrecht • Erbrecht • Verfassungsrecht • Mietrecht & Wohnungseigentumsrecht • Öffentliches Recht
Kanzlei Paul - Boubaris - Tsalaganides,"Hölertwiete 4, 21073 Hamburg",https://www.anwalt.de/harburgerkanzlei,http://www.harburgerkanzlei.de/,info@harburgerkanzlei.de,Michael Tsalaganides; Christine Boubaris; Tanja Paul,Fachanwaltschaft Arbeitsrecht • Fachanwaltschaft Sozialrecht • • Datenschutzrecht • Betriebliche Altersversorgung • Schwerbehindertenrecht • Sozialversicherungsrecht • Pflegerecht • Verkehrsrecht • Reiserecht
PLATO Rechtsanwälte,"Marktstraße 22, 73230 Kirchheim unter Teck",https://www.plato-rechtsanwaelte.de/,http://www.plato-rechtsanwaelte.de/,mail@plato-rechtsanwaelte.de,Rainer Blaß; Katrin Strobel; Dietrich Strobel; Axel Klapatat; Julia Spork; Ömer Savas; Florian Rieleder; Thomas Kögler; Julia Hinderer,Fachanwaltschaft Mietrecht & Wohnungseigentumsrecht • Fachanwaltschaft Arbeitsrecht • Fachanwaltschaft Erbrecht • • Fachanwaltschaft Verkehrsrecht • Fachanwaltschaft Strafrecht • Fachanwaltschaft Sozialrecht • Maklerrecht • Wettbewerbsrecht • Sozialversicherungsrecht • Medizinrecht • Versicherungsrecht • Ordnungswidrigkeitenrecht • Schadensersatzrecht & Schmerzensgeldrecht • Insolvenzrecht & Sanierungsrecht • Handelsrecht & Gesellschaftsrecht • Werkvertragsrecht • Kaufrecht • Unternehmensrecht & Betriebsnachfolge • Allgemeines Vertragsrecht
NAGEL NIEDING NOBBE Rechtsanwälte und Fachanwälte,"Cäcilienhöhe 100, 45657 Recklinghausen",https://www.nagel-fachanwaelte.de/,http://www.nagel-fachanwaelte.de/,info@nagel-fachanwaelte.de,Felix Nobbe; Prof. Dr. jur. Jürgen Nagel; Ulrike Nieding,Fachanwaltschaft Arbeitsrecht • • Verkehrsrecht • Schadensersatzrecht & Schmerzensgeldrecht • Erbrecht • Sozialrecht • Zivilrecht • Ordnungswidrigkeitenrecht • Mietrecht & Wohnungseigentumsrecht
Rechtsanwälte Willi & Janocha Partnerschaft mbB,"Herzog-Philipp-Ludwig-Str. 13, 89420 Höchstädt an der Donau",https://www.kanzleiwilli.de/,http://www.kanzleiwilli.de/,ra@kanzleiwilli.de,Roland Aigner; Manfred Janocha; Christoph Hawuka; Dr. Jürgen Rinkel,Fachanwaltschaft Verkehrsrecht • Fachanwaltschaft Strafrecht • Fachanwaltschaft Erbrecht • • Fachanwaltschaft Mietrecht & Wohnungseigentumsrecht • Fachanwaltschaft Baurecht & Architektenrecht • Fachanwaltschaft Arbeitsrecht • Fachanwaltschaft Versicherungsrecht
Kanzlei Hirt-Kremling • Süß und Kollegen,"Ernst-Friedrich-Straße 7, 76227 Karlsruhe",https://khk-anwaelte.de/,http://www.kanzlei-suess.de/,info@kanzlei-suess.de,Alexander Molz; Adelheid Hirt-Kremling; Frank Herlan; Merve Öztürk; Christian Süß,Fachanwaltschaft Mietrecht & Wohnungseigentumsrecht • • Fachanwaltschaft Verkehrsrecht • Arbeitsrecht • Zivilrecht • Erbrecht • Sozialrecht • Schadensersatzrecht & Schmerzensgeldrecht • Strafrecht
Kanzlei von Rochow & Partner,"Prinzregentenufer 9, 90489 Nürnberg",https://www.anwalt.de/kanzlei-von-rochow--partner,http://www.von-rochow.de/,info@von-rochow.de,Joachim Paßler; Michael Eitel; Peter Matzner; Dr. jur. Tobias Hütterer; Anne-Kathrin Rose; Wolfgang Kluge; Daniel Barth,Fachanwaltschaft Arbeitsrecht • Fachanwaltschaft Versicherungsrecht • • Fachanwaltschaft Verkehrsrecht • Erbrecht • Mediation • Schiedsgerichtsbarkeit • Unterhaltsrecht • Zivilrecht • Reiserecht • Steuerrecht • Bankrecht & Kapitalmarktrecht • Grundstücksrecht & Immobilienrecht • Maklerrecht • Mietrecht & Wohnungseigentumsrecht • Schadensersatzrecht & Schmerzensgeldrecht
Deubel Leimeister Zeplin PartGmbB Rechtsanwälte und Fachanwälte,"Uffenheimer Str. (AnwaltsHaus) 9, 97199 Ochsenfurt",https://www.anwalt-ochsenfurt.de/,https://www.anwalt-ochsenfurt.de/,info@anwalt-ochsenfurt.de,Thorsten Leimeister; Angela Schäff; C. Benedikt H. Zeplin; Bettina Welsch; Lea Schmachtenberger; Manuela Löwinger,Fachanwaltschaft Arbeitsrecht • Fachanwaltschaft Verkehrsrecht • Fachanwaltschaft Mietrecht & Wohnungseigentumsrecht • Fachanwaltschaft Baurecht & Architektenrecht • • Fachanwaltschaft Strafrecht • Zivilrecht • Unterhaltsrecht • Sozialrecht • Erbrecht • Bankrecht & Kapitalmarktrecht • Handelsrecht & Gesellschaftsrecht • Kaufrecht • Grundstücksrecht & Immobilienrecht • Forderungseinzug & Inkassorecht • Öffentliches Baurecht • Allgemeines Vertragsrecht
Kanzlei Fichter & Kollegen Rechtsanwälte,"Bahnhofstraße 7, 74072 Heilbronn",https://www.anwalt.de/kanzlei-fichter--kollegen-rechtsanwaelte,https://kanzlei-fichter.de/,denis.fichter@kanzlei-fichter.de,Denis Fichter; Christina Häfele; Rudolf Sebastian Heim,Fachanwaltschaft Insolvenzrecht & Sanierungsrecht • Fachanwaltschaft Mietrecht & Wohnungseigentumsrecht • Fachanwaltschaft Arbeitsrecht • Zivilrecht • Sozialrecht • Verwaltungsrecht • Strafrecht •
Greiner & Kollegen PartGmbB Rechtsanwälte,"Haagstr. 14, 86316 Friedberg (Bayern)",https://greiner-kollegen.de/,http://www.greiner-kollegen.de/,anwaelte@greiner-kollegen.de,Stephan Reinold; Tilman Kotzschmar; Christine Greiner; Stefanie Ligas,Fachanwaltschaft Arbeitsrecht • Fachanwaltschaft Verkehrsrecht • • Fachanwaltschaft Erbrecht • Zivilrecht • Mietrecht & Wohnungseigentumsrecht • Reiserecht • Allgemeines Vertragsrecht • Baurecht & Architektenrecht • Strafrecht • Versicherungsrecht
König Rechtsanwälte Partnerschaft Schmidt Lambertz Strotmann Bergweiler Porten-Biwer Haßelbach Lichtmeß mbB,"Kalenfelsstraße 5a, 54290 Trier",https://www.anwalt.de/koenig-rechtsanwaelte-partnerschaft-schmidt-lambertz-strotmann-bergweiler-porten-biwer-hasselbach-lichtmess-mbb,https://www.koenig-rechtsanwaelte.de/,info@koenig-rechtsanwaelte.de,Michaela Porten-Biwer; Benjamin Haßelbach; Florian Lichtmeß; Victoria Lauer; Sanja Dundic; Julia Heidinger; Kilian Huber; Christopher Roth,Fachanwaltschaft Erbrecht • Fachanwaltschaft Arbeitsrecht • Fachanwaltschaft Handelsrecht & Gesellschaftsrecht • Fachanwaltschaft Baurecht & Architektenrecht • • Internationales Wirtschaftsrecht • Mietrecht & Wohnungseigentumsrecht • Ordnungswidrigkeitenrecht • Versicherungsrecht • Zivilrecht • Strafrecht • Verkehrsrecht • Bankrecht & Kapitalmarktrecht
BSvH Rechtsanwälte in Bürogemeinschaft - Bafteh Schönbrunn van Hattem,"Prinz-Albert-Straße 63, 53113 Bonn",https://www.anwalt.de/bsvh,https://www.kanzlei-bsvh.de/,info@kanzlei-bsvh.de,Philip Bafteh; Marek van Hattem,Allgemeines Vertragsrecht • Strafrecht • • Verkehrsrecht • Arbeitsrecht • Urheberrecht & Medienrecht • Forderungseinzug & Inkassorecht • • Zivilrecht • Schadensersatzrecht & Schmerzensgeldrecht
Macho-Lauser Rechtsanwaltspartnerschaft mbB,"Dr.-Gerhard-Hanke-Weg 31, 85221 Dachau",https://macho-lauser.de/,https://macho-lauser.de/,rain@macho-lauser.de,Dipl.-Verwaltungswirtin (FH) Irene Macho-Lauser; Dr. Charlotte Lauser,Fachanwaltschaft Familienrecht • Fachanwaltschaft Sozialrecht • Erbrecht • Verwaltungsrecht • Betreuungsrecht • Arbeitsrecht • • Zivilrecht • Urheberrecht & Medienrecht •
teipel.law - bundesweit tätige Schwerpunktkanzlei: Prüfungsrecht | Hochschulrecht | Beamtenrecht | Datenschutzrecht| Digitalisierung,"Elisabeth-Treskow-Platz 6, 50678 Köln",https://www.teipel.law/,https://www.teipel.law/,anfrage@teipel.law,Christian Teipel; Britta Schulte; Dr. Jürgen Küttner; Christian Reckling,Fachanwaltschaft Verwaltungsrecht • Öffentliches Recht • Beamtenrecht • Verfassungsrecht • Schulrecht • Öffentliches Baurecht •
Kannengießer & Sauer Rechtsanwälte,"Oststraße 156, 40210 Düsseldorf",https://www.kannengiesser-sauer.de/,https://www.kannengiesser-sauer.de/,kontakt@kannengiesser-sauer.de,Florian Kannengießer; Karolin Sauer,Arbeitsrecht • Familienrecht • • Zivilrecht • Beamtenrecht • Allgemeines Vertragsrecht • • Verkehrsrecht • Reiserecht • Kaufrecht • Schadensersatzrecht & Schmerzensgeldrecht
Ferkinghoff Rebbert | Rechtsanwälte Notar,"Fleischhauerstr. 6, 59555 Lippstadt",https://ferkinghoff-rebbert.de/,http://www.rechtsanwalt-ferkinghoff.de/,info@rechtsanwalt-ferkinghoff.de,Jörg Ferkinghoff; Christian Rebbert,Fachanwaltschaft Mietrecht & Wohnungseigentumsrecht • Strafrecht • Arbeitsrecht • Markenrecht • Wettbewerbsrecht • Urheberrecht & Medienrecht • • Zivilrecht • Kaufrecht • Betreuungsrecht
LeissRapp Rechtsanwälte,"Wilhelmstr. 5, 72574 Bad Urach",https://www.leiss-rapp.de/,http://www.leiss-rapp.de/,kanzlei@leiss-rapp.de,Axel Leiss; Safia Rapp,Familienrecht • Mietrecht & Wohnungseigentumsrecht • Wettbewerbsrecht • • Urheberrecht & Medienrecht • Arbeitsrecht • Erbrecht • Verkehrsrecht • Steuerrecht • Zivilrecht • Allgemeines Vertragsrecht
Dr. Troeger & Schultz Rechtsanwälte · Fachanwälte,"Kornmarkt 12, 39576 Hansestadt Stendal",https://www.anwalt.de/dr-troeger-schultz-rechtsanwaelte-fachanwaelte,http://www.rae-stendal.de/,info@rae-stendal.de,Dr. jur. Ralf Troeger; Dirk Schultz,Fachanwaltschaft Arbeitsrecht • Fachanwaltschaft Erbrecht • Fachanwaltschaft Sozialrecht • Fachanwaltschaft Familienrecht • Fachanwaltschaft Versicherungsrecht • Verkehrsrecht • Arzthaftungsrecht • Ordnungswidrigkeitenrecht • Beamtenrecht • Mietrecht & Wohnungseigentumsrecht • Zivilrecht •
K & K Rechtsanwälte Dr. Kreienberg & Kuntz,"Kanalstr. 1, 67655 Kaiserslautern",https://www.anwalt.de/rechtsanwaelte-k-k,http://www.rechtsanwaelte-k-k.de/,info@rechtsanwaelte-k-k.de,Dr. Eva Kreienberg; Felix Kuntz,Fachanwaltschaft Erbrecht • • Arbeitsrecht • Zivilrecht • Zivilprozessrecht
H+R Rechtsanwälte GbR,"Schlossstraße 58, 51429 Bergisch Gladbach",https://www.anwalt.de/hr-rechtsanwaelte-gbr,https://anwalt-recht.online/,info@anwalt-recht.online,Christoph Heck; Jens Reininghaus,Fachanwaltschaft Arbeitsrecht • Fachanwaltschaft Gewerblicher Rechtsschutz • • Mietrecht & Wohnungseigentumsrecht • Verkehrsrecht • Ordnungswidrigkeitenrecht • Wettbewerbsrecht • Markenrecht • Urheberrecht & Medienrecht • Designrecht •
Wagner Brandhoff Viertel Fachanwälte,"Rudolf-Breitscheid-Str. 11a, 04600 Altenburg",https://www.wbv-fachanwaelte.de/team/,http://www.wbv-fachanwaelte.de/,info@wbv-fachanwaelte.de,Sophie Viertel; Markus Viertel; Ralf Brandhoff,Fachanwaltschaft Mietrecht & Wohnungseigentumsrecht • Fachanwaltschaft Bankrecht & Kapitalmarktrecht • • Verkehrsrecht • Sozialrecht • Zivilrecht • Handelsrecht & Gesellschaftsrecht • Grundstücksrecht & Immobilienrecht • Allgemeines Vertragsrecht • Baurecht & Architektenrecht • Werkvertragsrecht • Forderungseinzug & Inkassorecht
Dr. Olsen Schewtschenko Rechtsanwälte für Arbeitsrecht Partnerschaft mbB,"Sonnenstr. 32, 80331 München",https://www.anwalt.de/dr-huber-dr-olsen-rechtsanwaelte-fuer-arbeitsrecht-part-mbb,http://www.huber-olsen.de/,olsen@huber-olsen.de,Nathalie Wertich; Dr. Dietmar Olsen; Alexander Schewtschenko,• Fachanwaltschaft Insolvenzrecht & Sanierungsrecht
SUCKERT & COLLEGEN RECHTSANWÄLTE MÜNCHEN,"Belgradstr. 9/III, 80796 München",https://suckert-collegen.de/,http://www.suckert-collegen.de/,mail@suckert-collegen.de,Monika Daschner; Hans R. Suckert,• Fachanwaltschaft Strafrecht • Fachanwaltschaft Verkehrsrecht • Ordnungswidrigkeitenrecht • Zivilrecht • Versicherungsrecht • Schadensersatzrecht & Schmerzensgeldrecht
Rechtsanwälte Luckhaus Reinold Hülsmann & Panzer,"Hofkamp 138, 42103 Wuppertal",https://www.anwalt.de/luckhaus-reinold-huelsmann-panzer,http://www.wupper-recht.de/,info@wupper-recht.de,Michael Reinold; Hendrik Hülsmann; Christoph Panzer,Fachanwaltschaft Mietrecht & Wohnungseigentumsrecht • Fachanwaltschaft Verkehrsrecht • Fachanwaltschaft Strafrecht • • Schadensersatzrecht & Schmerzensgeldrecht • Ordnungswidrigkeitenrecht • Versicherungsrecht • Insolvenzrecht & Sanierungsrecht • Baurecht & Architektenrecht • Ausländerrecht & Asylrecht • Sozialrecht • Schiedsgerichtsbarkeit • Grundstücksrecht & Immobilienrecht • Forderungseinzug & Inkassorecht • Handelsrecht & Gesellschaftsrecht
Steigelmann Fischer Weidner Kanzlei für Arbeitsrecht,"Jahnstr. 6, 76133 Karlsruhe",https://www.anwalt.de/steigelmann-fischer-weidner,http://www.lsk-arbeitsrecht.de/,info-ka@lsk-partner.de,Luise Steigelmann; Markus Bondorf; Maëla Bieberstein; Stephan Weidner,
FÖRSTER KRAFT Rechtsanwaltsgesellschaft,"Warnowufer 59, 18057 Rostock",https://www.foerster-kraft.de/,http://www.foerster-kraft.de/,info@foerster-kraft.de,Stefan Förster; Tino Kraft; Diana Schumacher,• Fachanwaltschaft Handelsrecht & Gesellschaftsrecht • Fachanwaltschaft Baurecht & Architektenrecht • Fachanwaltschaft Transportrecht & Speditionsrecht • Öffentliches Baurecht • Verkehrsrecht • Steuerrecht • Mietrecht & Wohnungseigentumsrecht • Wirtschaftsrecht • Gewerblicher Rechtsschutz • Vergaberecht • Allgemeines Vertragsrecht
Dr. Poggemann Rechtsanwälte | Fachanwälte Osnabrück,"Kollegienwall 5, 49074 Osnabrück",https://rae-pp.de/,http://www.rae-pp.de/,kanzlei@rae-pp.de,Dr. Joachim Poggemann; Sebastian Hanke; Stephanie Holthaus,• Fachanwaltschaft Gewerblicher Rechtsschutz • Verkehrsrecht • Zivilrecht • Wettbewerbsrecht • Patentrecht • Markenrecht • Allgemeines Vertragsrecht
Dr. Sieprath & Partner Partnerschaft mbB,"Augustinusstr. 9a, 50226 Frechen",https://www.kanzlei-sieprath.de/,http://www.kanzlei-sieprath.de/,info@kanzlei-sieprath.de,Dr. Christoph Sieprath; Cansu Tamir; Katja Moers; Viviana Maria Breitbach,Grundstücksrecht & Immobilienrecht • Zivilrecht • Bankrecht & Kapitalmarktrecht • Strafrecht • Mietrecht & Wohnungseigentumsrecht • • Insolvenzrecht & Sanierungsrecht • Wirtschaftsrecht • Zivilprozessrecht • Steuerrecht • Versicherungsrecht
Bauer und Partner - Rechtsanwälte - Wirtschaftsprüfer - Steuerberater,"Emmeramsplatz 6, 93047 Regensburg",http://neu.bauerundpartner.de/,https://www.bauerundpartner.de/,info@bauerundpartner.de,Dr. Flora Brandes; Hans Bauer; Michaela Hieber,Insolvenzrecht & Sanierungsrecht • • Wirtschaftsrecht • Strafrecht • Steuerrecht
Rechtsanwaltskanzlei Brockerhoff | Geiser | Brockerhoff Rechtsanwälte,"Königstr. 44, 47051 Duisburg",https://www.brockerhoff-geiser.de/,http://www.brockerhoff-geiser.de/,info@brockerhoff-geiser.de,Imke Weidenbach LL.M.; Gabriele Brockerhoff; Reiner Brockerhoff; Dr. Eva Janotta,Fachanwaltschaft Familienrecht • Fachanwaltschaft Erbrecht • Fachanwaltschaft Medizinrecht • • Strafrecht • Arbeitsrecht • Grundstücksrecht & Immobilienrecht • Schadensersatzrecht & Schmerzensgeldrecht • Gewerblicher Rechtsschutz • Unterhaltsrecht • Mietrecht & Wohnungseigentumsrecht • Allgemeines Vertragsrecht • Unternehmensrecht & Betriebsnachfolge • Vereinsrecht & Verbandsrecht • Insolvenzrecht & Sanierungsrecht • Arzthaftungsrecht • Opferhilfe • Schwerbehindertenrecht • Bankrecht & Kapitalmarktrecht
Rechtsanwälte Herzog & Biendarra,"Osterstr. 7-9, 31134 Hildesheim",https://herzog-biendarra.de/rechtsanwaelte/,https://www.herzog-biendarra.de/,info@herzog-biendarra.de,Uwe Biendarra; Annette Falk; Welf Spörlein LL.M.,Fachanwaltschaft Familienrecht • • Erbrecht • Versicherungsrecht • Sozialversicherungsrecht • Grundstücksrecht & Immobilienrecht • Baurecht & Architektenrecht • Verwaltungsrecht • Arbeitsrecht • Mietrecht & Wohnungseigentumsrecht • Verkehrsrecht • Strafrecht • Medizinrecht • Allgemeines Vertragsrecht
"Rechtsanwälte Wörlen, Ziegelmeir, Dr. Theurer","Weinmarkt 7, 86720 Nördlingen",https://rechtsanwalt-noerdlingen-aalen-donauwoerth.de/,http://www.woeziethe.de/,kanzlei@woeziethe.de,Johannes Ziegelmeir; Michael Jaumann; Dr. Andrea Theurer,Fachanwaltschaft Arbeitsrecht • Fachanwaltschaft Verkehrsrecht • Fachanwaltschaft Erbrecht • Fachanwaltschaft Familienrecht • Baurecht & Architektenrecht • Strafrecht • Mietrecht & Wohnungseigentumsrecht • • Versicherungsrecht
Dr. Müller-Stirm & Kollegen,"Bahnhofstr. 123, 70736 Fellbach",https://www.mueller-stirm.de/,http://www.mueller-stirm.de/,info@mueller-stirm.de,Klaus Hermann Ganzhorn; Betül Yilmaz; Jürgen Knisel; Barbara Stroh; Wilfried Stirm Dipl. Verw.wirt (FH),Fachanwaltschaft Arbeitsrecht • • Fachanwaltschaft Mietrecht & Wohnungseigentumsrecht • Fachanwaltschaft Erbrecht • Fachanwaltschaft Familienrecht • Verwaltungsrecht • Handelsrecht & Gesellschaftsrecht • Zivilrecht • Verkehrsrecht • Grundstücksrecht & Immobilienrecht • Öffentliches Baurecht • Forderungseinzug & Inkassorecht • Zwangsvollstreckungsrecht • Unterhaltsrecht • Schadensersatzrecht & Schmerzensgeldrecht • Betreuungsrecht • Sozialversicherungsrecht • Schwerbehindertenrecht • Pflegerecht • Insolvenzrecht & Sanierungsrecht • Baurecht & Architektenrecht
Rechtsanwälte nb Neuburg,"Ingolstädter Str. 22, 86633 Neuburg an der Donau",https://rae-nb.de/anwaelte/,http://www.rae-nb.de/,info@rae-nb.de,Daniela Büschken; Christoph Klein; Isabel Fritsch; Bärbel Nicklaß-Bergér; Michael Bolter,Fachanwaltschaft Familienrecht • Fachanwaltschaft Arbeitsrecht • Fachanwaltschaft Mietrecht & Wohnungseigentumsrecht • Mediation • Unterhaltsrecht • Zwangsvollstreckungsrecht • • Zivilprozessrecht • Erbrecht • Verkehrsrecht • Strafrecht • Schadensersatzrecht & Schmerzensgeldrecht • Ordnungswidrigkeitenrecht
Kanzlei Wintermann | Bentrup | Schmitz,"Bismarckstr. 1, 27749 Delmenhorst",https://www.wbs-rechtsanwaelte.de/,http://www.wbs-rechtsanwaelte.de/,kanzlei@wbs-rechtsanwaelte.de,Jürgen Sasse; Irmgard Rauschert; Holger Schmitz,Fachanwaltschaft Arbeitsrecht • • Fachanwaltschaft Familienrecht • Fachanwaltschaft Mietrecht & Wohnungseigentumsrecht • Versicherungsrecht • Sozialversicherungsrecht • Schwerbehindertenrecht
"Dr. jur. Siegmar Grollmütz, Peter Mastaliers & Partner GbR","Weinberg 11/12, 06449 Aschersleben",https://www.anwalt.de/dr-jur-siegmar-grollmuetz-peter-mastaliers--partner-gbr,https://www.grollmuetz-mastaliers.de/,info-asl@grollmuetz-mastaliers.de,Peter Mastaliers; Dr. jur. Siegmar Grollmütz; Ina Schulze,Fachanwaltschaft Arbeitsrecht • Fachanwaltschaft Versicherungsrecht • Fachanwaltschaft Erbrecht • Fachanwaltschaft Familienrecht • • Unterhaltsrecht • Ordnungswidrigkeitenrecht • Zivilrecht • Strafrecht • Mediation • Werkvertragsrecht • Allgemeines Vertragsrecht
BUDIN.rechtsanwälte GbR Rechtsanwälte Fachanwälte Notare,"Kaiserstr. 17a, 44135 Dortmund",https://www.budin.de/,http://www.budin.de/,info@budin.de,Cathrin Kreissl-Gerlach; Christian Heimann; Christian Brockmann; Ralf Schlüter; Marcel Graefen; Verena Scheinhardt; Claudius Knieling,Fachanwaltschaft Verkehrsrecht • • Fachanwaltschaft Versicherungsrecht • Fachanwaltschaft Arbeitsrecht • Fachanwaltschaft Steuerrecht • Fachanwaltschaft Familienrecht • Fachanwaltschaft Erbrecht • Strafrecht • Bankrecht & Kapitalmarktrecht • Baurecht & Architektenrecht • Wirtschaftsrecht • Grundstücksrecht & Immobilienrecht • Zivilrecht • Mietrecht & Wohnungseigentumsrecht • Sozialversicherungsrecht • Medizinrecht • Arzthaftungsrecht • Allgemeines Vertragsrecht • Gewerblicher Rechtsschutz • Urheberrecht & Medienrecht • Kaufrecht • IT-Recht • Insolvenzrecht & Sanierungsrecht
Kanzlei im Südviertel - Breddermann | Hömberg | Yüsbasi,"Friedrich-Ebert-Str. 157-159, 48153 Münster",https://www.kanzlei-suedviertel.de/,http://www.kanzlei-suedviertel.de/,info@kanzlei-suedviertel.de,André Breddermann; Magnus C. Hömberg; Türkan Yüsbasi,• Arbeitsrecht • Schwerbehindertenrecht • Familienrecht • Mietrecht & Wohnungseigentumsrecht • Ausländerrecht & Asylrecht • Zivilrecht • Verkehrsrecht • Strafrecht • Kaufrecht • Zwangsvollstreckungsrecht • Forderungseinzug & Inkassorecht • Ordnungswidrigkeitenrecht
Kanzlei am Alten Rathaus – Rechtsanwälte Kohl Schupp Vaitl Kraml Partnerschaft mbB,"Oberer Stadtplatz 4, 94469 Deggendorf",https://www.anwalt.de/kanzlei-am-alten-rathaus,http://www.kanzlei-am-alten-rathaus.de/,kontakt@kanzlei-am-alten-rathaus.de,Olga Golik; Erwin Kohl; Karl-Heinz Schupp; Michael Salmansberger; Andreas Kraml; Susanne Landstorfer,Fachanwaltschaft Familienrecht • Fachanwaltschaft Baurecht & Architektenrecht • Fachanwaltschaft Arbeitsrecht • Fachanwaltschaft Mietrecht & Wohnungseigentumsrecht • Reiserecht • Verwaltungsrecht • Zivilrecht • Verkehrsrecht • Medizinrecht • Allgemeines Vertragsrecht • Handelsrecht & Gesellschaftsrecht • • Strafrecht • Mediation • Jagdrecht • Grundstücksrecht & Immobilienrecht • Versicherungsrecht
Lüken & Stebahne | Rechtsanwälte für Personenschäden,"Sebastianusstr. 2-4, 41460 Neuss",https://personenschaden-anwalt.de/,http://www.personenschaden-anwalt.de/,lueken@personenschaden-anwalt.de,Daniel Stebahne; Christian Lüken; Dilara Wilbrink; Anne Rother LL.M.; Janika Münzel; Victor Knaisch,Fachanwaltschaft Medizinrecht • • Arzthaftungsrecht • Schadensersatzrecht & Schmerzensgeldrecht • Verkehrsrecht • Versicherungsrecht • Schwerbehindertenrecht
NJR Neuner-Jehle Rechtsanwälte,"Unterländer Str. 57, 70435 Stuttgart",https://neuner-jehle.de/,http://www.arbeitsrechtler-stuttgart.de/,kanzlei@neuner-jehle.de,Tilo Neuner-Jehle; Reinhold Krause; Herakles Dimitriadis,Fachanwaltschaft Verkehrsrecht • Fachanwaltschaft Arbeitsrecht • Strafrecht • Ordnungswidrigkeitenrecht • Ausländerrecht & Asylrecht • • Steuerrecht • Öffentliches Recht • Verwaltungsrecht • Öffentliches Baurecht • Bankrecht & Kapitalmarktrecht
"Schweiger, Sigl, Schwarzbauer, Dr. Barth und Temporale Rechtsanwälte PartGmbB","Neustadt 530, 84028 Landshut",https://www.anwalt.de/schweiger-sigl-schwarzbauer-dr-barth-temporale-rechtsanwaelte,http://www.kanzlei-la.de/,info@kanzlei-la.de,Christian Temporale; Susanne Sigl; Bernhard Schwarzbauer; Dr. Jörg Barth,Fachanwaltschaft Mietrecht & Wohnungseigentumsrecht • Fachanwaltschaft Verkehrsrecht • Fachanwaltschaft Erbrecht • Fachanwaltschaft Familienrecht • • Fachanwaltschaft Versicherungsrecht • Fachanwaltschaft Arbeitsrecht • Sozialversicherungsrecht • Allgemeines Vertragsrecht • Betriebliche Altersversorgung • Zivilrecht • Beamtenrecht • Schwerbehindertenrecht • Insolvenzrecht & Sanierungsrecht • Forderungseinzug & Inkassorecht • Vereinsrecht & Verbandsrecht • Strafrecht
Anwaltskanzlei Dotterweich | Böhler | Schulz,"Hussenstr. 19, 78462 Konstanz",https://anwaltskanzlei-dotterweich.de/,https://www.anwaltskanzlei-dotterweich.de/,mail@anwaltskanzlei-dotterweich.de,Tamara Schulz; Reinhold Dotterweich; Michael Böhler,Fachanwaltschaft Arbeitsrecht • • Fachanwaltschaft Verkehrsrecht • Schwerbehindertenrecht • Familienrecht • Mietrecht & Wohnungseigentumsrecht • Arzthaftungsrecht • Unterhaltsrecht • Strafrecht • Versicherungsrecht • Schadensersatzrecht & Schmerzensgeldrecht • Sozialversicherungsrecht • Zivilrecht • Reiserecht • Pflegerecht
Kanzlei Ostermann und Kollegen,"Cranger Str. 300, 45891 Gelsenkirchen",https://kanzlei-ostermann.de/,http://www.kanzlei-ostermann.de/,info@kanzlei-ostermann.de,Andreas Kabut; David Ostermann; Marcus Barein; Bärbel Uhlmann-Burdessa,Fachanwaltschaft Verkehrsrecht • Fachanwaltschaft Strafrecht • Fachanwaltschaft Versicherungsrecht • Arbeitsrecht • Familienrecht • Mietrecht & Wohnungseigentumsrecht • Allgemeines Vertragsrecht • • Verwaltungsrecht • Gewerblicher Rechtsschutz
Rechtsanwälte Volmar • Haase • Dix,"Hirnbeinstr. 2, 87435 Kempten (Allgäu)",https://www.rechtsanwalt-volmar.de/,http://www.rechtsanwalt-volmar.de/,kanzlei@rechtsanwalt-volmar.de,Thomas Volmar; Christin Haase; Sarah Glöggler; Christian Dix,Fachanwaltschaft Arbeitsrecht • • Fachanwaltschaft Verkehrsrecht • Fachanwaltschaft Versicherungsrecht • Fachanwaltschaft Familienrecht • Erbrecht • Handelsrecht & Gesellschaftsrecht • Allgemeines Vertragsrecht • Mietrecht & Wohnungseigentumsrecht • Kaufrecht • Strafrecht • Arzthaftungsrecht • Ordnungswidrigkeitenrecht
Herfet & Özpolat Rechtsanwälte Partnerschaftsgesellschaft mbB,"Stresemannstraße 64-66, 41236 Mönchengladbach",https://herfet-oezpolat.de/team/,https://www.herfet-oezpolat.de/,info@herfet-oezpolat.de,Thomas Kauf; Marijana Özpolat; Cornelia Staffa; Maik Herfet; Nana Biesinger,• Sozialversicherungsrecht • Medizinrecht • Zivilrecht • Ausländerrecht & Asylrecht • Strafrecht • Familienrecht • Arbeitsrecht • Schwerbehindertenrecht • Kaufrecht • Baurecht & Architektenrecht • Reiserecht • Verkehrsrecht • Mietrecht & Wohnungseigentumsrecht
Mühlenbein und Kollegen | Rechtsanwälte und Fachanwälte in Brilon,"Bahnhofstr. 4, 59929 Brilon",https://www.muehlenbein.de/,http://www.muehlenbein.de/,info@muehlenbein.de,Friederike Engelbracht; Silvia Benz; Carina Krautstrunk; Josef Mühlenbein,Fachanwaltschaft Familienrecht • Fachanwaltschaft Verkehrsrecht • Fachanwaltschaft Arbeitsrecht • Erbrecht • Jagdrecht • Strafrecht • Zivilrecht • Unterhaltsrecht • Verwaltungsrecht • Kaufrecht • Schadensersatzrecht & Schmerzensgeldrecht • Forderungseinzug & Inkassorecht • Ordnungswidrigkeitenrecht • Allgemeines Vertragsrecht • Arzthaftungsrecht • • Versicherungsrecht
Rechtsanwälte Udo Rau und Frank Krasser,"Schleiermacher Str. 10, 64283 Darmstadt",https://www.anwalt.de/rau-krasser,http://www.rau-krasser.de/,rae@rau-krasser.de,Paulina Aust; Frank Krasser; Udo Rau,Fachanwaltschaft Verkehrsrecht • Fachanwaltschaft Familienrecht • Fachanwaltschaft Strafrecht • Fachanwaltschaft Arbeitsrecht • • Ordnungswidrigkeitenrecht • Sportrecht • Schwerbehindertenrecht • Schadensersatzrecht & Schmerzensgeldrecht • Unterhaltsrecht • Opferhilfe
Salfer Bühler Dornieden Rechtsanwälte PartG mbB,"Georg-Hoffmann-Str. 20, 28857 Syke",https://www.kanzlei-syke.de/,https://www.kanzlei-syke.de/,info@kanzlei-syke.de,Tjark Symalla; Dr. Florian Bühler; Alexander Dornieden; Thomas Hansel; Jan-Ole Lüers,Fachanwaltschaft Insolvenzrecht & Sanierungsrecht • Fachanwaltschaft Handelsrecht & Gesellschaftsrecht • Fachanwaltschaft Erbrecht • Fachanwaltschaft Medizinrecht • Fachanwaltschaft Mietrecht & Wohnungseigentumsrecht • Fachanwaltschaft Baurecht & Architektenrecht • Fachanwaltschaft Arbeitsrecht • Fachanwaltschaft Verkehrsrecht • Fachanwaltschaft Versicherungsrecht • Arzthaftungsrecht • Schadensersatzrecht & Schmerzensgeldrecht • • Allgemeines Vertragsrecht • Grundstücksrecht & Immobilienrecht • Maklerrecht • Unternehmensrecht & Betriebsnachfolge • Strafrecht • Ordnungswidrigkeitenrecht
KBK Kaiser • Bald & Kollegen Rechtsanwälte Fachanwälte PartGmbB,"Bahnhofstr. 3, 97215 Uffenheim",https://www.kbk-recht.de/,https://www.kbk-recht.de/,post@kbk-recht.de,Christine Erbacher; Julia Bald; Jochen Kaiser,Fachanwaltschaft Familienrecht • Fachanwaltschaft Arbeitsrecht • Fachanwaltschaft Verkehrsrecht • Mietrecht & Wohnungseigentumsrecht • • Strafrecht • Erbrecht • Betreuungsrecht • Allgemeines Vertragsrecht • Zivilrecht • Forderungseinzug & Inkassorecht